instance,kind,n,seed,algorithm,size,opt,ratio,optimal,selected_ids,opt_ids,jobs
0,sparse,4,4050,earliest_finish,4,4,1.0,True,"[0, 1, 2, 3]","[0, 1, 2, 3]","[[0, 59, 63], [1, 46, 47], [2, 48, 49], [3, 33, 36]]"
0,sparse,4,4050,earliest_start,4,4,1.0,True,"[0, 1, 2, 3]","[0, 1, 2, 3]","[[0, 59, 63], [1, 46, 47], [2, 48, 49], [3, 33, 36]]"
0,sparse,4,4050,shortest_duration,4,4,1.0,True,"[0, 1, 2, 3]","[0, 1, 2, 3]","[[0, 59, 63], [1, 46, 47], [2, 48, 49], [3, 33, 36]]"
0,sparse,4,4050,group_heuristic,4,4,1.0,True,"[0, 1, 2, 3]","[0, 1, 2, 3]","[[0, 59, 63], [1, 46, 47], [2, 48, 49], [3, 33, 36]]"
1,sparse,5,4051,earliest_finish,5,5,1.0,True,"[0, 1, 2, 3, 4]","[0, 1, 2, 3, 4]","[[0, 67, 68], [1, 43, 48], [2, 8, 9], [3, 34, 39], [4, 59, 63]]"
1,sparse,5,4051,earliest_start,5,5,1.0,True,"[0, 1, 2, 3, 4]","[0, 1, 2, 3, 4]","[[0, 67, 68], [1, 43, 48], [2, 8, 9], [3, 34, 39], [4, 59, 63]]"
1,sparse,5,4051,shortest_duration,5,5,1.0,True,"[0, 1, 2, 3, 4]","[0, 1, 2, 3, 4]","[[0, 67, 68], [1, 43, 48], [2, 8, 9], [3, 34, 39], [4, 59, 63]]"
1,sparse,5,4051,group_heuristic,5,5,1.0,True,"[0, 1, 2, 3, 4]","[0, 1, 2, 3, 4]","[[0, 67, 68], [1, 43, 48], [2, 8, 9], [3, 34, 39], [4, 59, 63]]"
2,sparse,6,4052,earliest_finish,5,5,1.0,True,"[0, 1, 2, 3, 4]","[0, 1, 2, 3, 4]","[[0, 72, 74], [1, 77, 82], [2, 37, 40], [3, 17, 19], [4, 55, 56], [5, 55, 59]]"
2,sparse,6,4052,earliest_start,5,5,1.0,True,"[0, 1, 2, 3, 4]","[0, 1, 2, 3, 4]","[[0, 72, 74], [1, 77, 82], [2, 37, 40], [3, 17, 19], [4, 55, 56], [5, 55, 59]]"
2,sparse,6,4052,shortest_duration,5,5,1.0,True,"[0, 1, 2, 3, 4]","[0, 1, 2, 3, 4]","[[0, 72, 74], [1, 77, 82], [2, 37, 40], [3, 17, 19], [4, 55, 56], [5, 55, 59]]"
2,sparse,6,4052,group_heuristic,5,5,1.0,True,"[0, 1, 2, 3, 4]","[0, 1, 2, 3, 4]","[[0, 72, 74], [1, 77, 82], [2, 37, 40], [3, 17, 19], [4, 55, 56], [5, 55, 59]]"
3,sparse,7,4053,earliest_finish,7,7,1.0,True,"[0, 1, 2, 3, 4, 5, 6]","[0, 1, 2, 3, 4, 5, 6]","[[0, 9, 13], [1, 54, 57], [2, 114, 118], [3, 37, 42], [4, 89, 94], [5, 57, 58], [6, 48, 51]]"
3,sparse,7,4053,earliest_start,7,7,1.0,True,"[0, 1, 2, 3, 4, 5, 6]","[0, 1, 2, 3, 4, 5, 6]","[[0, 9, 13], [1, 54, 57], [2, 114, 118], [3, 37, 42], [4, 89, 94], [5, 57, 58], [6, 48, 51]]"
3,sparse,7,4053,shortest_duration,7,7,1.0,True,"[0, 1, 2, 3, 4, 5, 6]","[0, 1, 2, 3, 4, 5, 6]","[[0, 9, 13], [1, 54, 57], [2, 114, 118], [3, 37, 42], [4, 89, 94], [5, 57, 58], [6, 48, 51]]"
3,sparse,7,4053,group_heuristic,7,7,1.0,True,"[0, 1, 2, 3, 4, 5, 6]","[0, 1, 2, 3, 4, 5, 6]","[[0, 9, 13], [1, 54, 57], [2, 114, 118], [3, 37, 42], [4, 89, 94], [5, 57, 58], [6, 48, 51]]"
4,sparse,8,4054,earliest_finish,8,8,1.0,True,"[0, 1, 2, 3, 4, 5, 6, 7]","[0, 1, 2, 3, 4, 5, 6, 7]","[[0, 25, 27], [1, 33, 35], [2, 88, 90], [3, 118, 119], [4, 93, 97], [5, 99, 103], [6, 74, 77], [7, 110, 114]]"
4,sparse,8,4054,earliest_start,8,8,1.0,True,"[0, 1, 2, 3, 4, 5, 6, 7]","[0, 1, 2, 3, 4, 5, 6, 7]","[[0, 25, 27], [1, 33, 35], [2, 88, 90], [3, 118, 119], [4, 93, 97], [5, 99, 103], [6, 74, 77], [7, 110, 114]]"
4,sparse,8,4054,shortest_duration,8,8,1.0,True,"[0, 1, 2, 3, 4, 5, 6, 7]","[0, 1, 2, 3, 4, 5, 6, 7]","[[0, 25, 27], [1, 33, 35], [2, 88, 90], [3, 118, 119], [4, 93, 97], [5, 99, 103], [6, 74, 77], [7, 110, 114]]"
4,sparse,8,4054,group_heuristic,8,8,1.0,True,"[0, 1, 2, 3, 4, 5, 6, 7]","[0, 1, 2, 3, 4, 5, 6, 7]","[[0, 25, 27], [1, 33, 35], [2, 88, 90], [3, 118, 119], [4, 93, 97], [5, 99, 103], [6, 74, 77], [7, 110, 114]]"
5,sparse,9,4055,earliest_finish,8,8,1.0,True,"[0, 1, 2, 3, 4, 5, 6, 8]","[0, 1, 2, 3, 4, 5, 7, 8]","[[0, 3, 8], [1, 145, 146], [2, 164, 166], [3, 32, 34], [4, 97, 100], [5, 61, 64], [6, 153, 154], [7, 152, 156], [8, 133, 134]]"
5,sparse,9,4055,earliest_start,8,8,1.0,True,"[0, 1, 2, 3, 4, 5, 7, 8]","[0, 1, 2, 3, 4, 5, 7, 8]","[[0, 3, 8], [1, 145, 146], [2, 164, 166], [3, 32, 34], [4, 97, 100], [5, 61, 64], [6, 153, 154], [7, 152, 156], [8, 133, 134]]"
5,sparse,9,4055,shortest_duration,8,8,1.0,True,"[0, 1, 2, 3, 4, 5, 6, 8]","[0, 1, 2, 3, 4, 5, 7, 8]","[[0, 3, 8], [1, 145, 146], [2, 164, 166], [3, 32, 34], [4, 97, 100], [5, 61, 64], [6, 153, 154], [7, 152, 156], [8, 133, 134]]"
5,sparse,9,4055,group_heuristic,8,8,1.0,True,"[0, 1, 2, 3, 4, 5, 6, 8]","[0, 1, 2, 3, 4, 5, 7, 8]","[[0, 3, 8], [1, 145, 146], [2, 164, 166], [3, 32, 34], [4, 97, 100], [5, 61, 64], [6, 153, 154], [7, 152, 156], [8, 133, 134]]"
6,sparse,10,4056,earliest_finish,9,9,1.0,True,"[0, 1, 2, 3, 5, 6, 7, 8, 9]","[0, 1, 2, 3, 5, 6, 7, 8, 9]","[[0, 138, 140], [1, 113, 114], [2, 124, 127], [3, 187, 188], [4, 135, 139], [5, 97, 98], [6, 94, 95], [7, 193, 195], [8, 136, 137], [9, 38, 40]]"
6,sparse,10,4056,earliest_start,8,9,0.8888888888888888,False,"[1, 2, 3, 4, 5, 6, 7, 9]","[0, 1, 2, 3, 5, 6, 7, 8, 9]","[[0, 138, 140], [1, 113, 114], [2, 124, 127], [3, 187, 188], [4, 135, 139], [5, 97, 98], [6, 94, 95], [7, 193, 195], [8, 136, 137], [9, 38, 40]]"
6,sparse,10,4056,shortest_duration,9,9,1.0,True,"[0, 1, 2, 3, 5, 6, 7, 8, 9]","[0, 1, 2, 3, 5, 6, 7, 8, 9]","[[0, 138, 140], [1, 113, 114], [2, 124, 127], [3, 187, 188], [4, 135, 139], [5, 97, 98], [6, 94, 95], [7, 193, 195], [8, 136, 137], [9, 38, 40]]"
6,sparse,10,4056,group_heuristic,9,9,1.0,True,"[0, 1, 2, 3, 5, 6, 7, 8, 9]","[0, 1, 2, 3, 5, 6, 7, 8, 9]","[[0, 138, 140], [1, 113, 114], [2, 124, 127], [3, 187, 188], [4, 135, 139], [5, 97, 98], [6, 94, 95], [7, 193, 195], [8, 136, 137], [9, 38, 40]]"
7,sparse,11,4057,earliest_finish,11,11,1.0,True,"[0, 1, 2, 3, 4, 5, 6, 7, 8, 9, 10]","[0, 1, 2, 3, 4, 5, 6, 7, 8, 9, 10]","[[0, 1, 6], [1, 108, 110], [2, 165, 169], [3, 19, 21], [4, 159, 163], [5, 72, 77], [6, 150, 153], [7, 45, 46], [8, 29, 32], [9, 215, 219], [10, 11, 14]]"
7,sparse,11,4057,earliest_start,11,11,1.0,True,"[0, 1, 2, 3, 4, 5, 6, 7, 8, 9, 10]","[0, 1, 2, 3, 4, 5, 6, 7, 8, 9, 10]","[[0, 1, 6], [1, 108, 110], [2, 165, 169], [3, 19, 21], [4, 159, 163], [5, 72, 77], [6, 150, 153], [7, 45, 46], [8, 29, 32], [9, 215, 219], [10, 11, 14]]"
7,sparse,11,4057,shortest_duration,11,11,1.0,True,"[0, 1, 2, 3, 4, 5, 6, 7, 8, 9, 10]","[0, 1, 2, 3, 4, 5, 6, 7, 8, 9, 10]","[[0, 1, 6], [1, 108, 110], [2, 165, 169], [3, 19, 21], [4, 159, 163], [5, 72, 77], [6, 150, 153], [7, 45, 46], [8, 29, 32], [9, 215, 219], [10, 11, 14]]"
7,sparse,11,4057,group_heuristic,11,11,1.0,True,"[0, 1, 2, 3, 4, 5, 6, 7, 8, 9, 10]","[0, 1, 2, 3, 4, 5, 6, 7, 8, 9, 10]","[[0, 1, 6], [1, 108, 110], [2, 165, 169], [3, 19, 21], [4, 159, 163], [5, 72, 77], [6, 150, 153], [7, 45, 46], [8, 29, 32], [9, 215, 219], [10, 11, 14]]"
8,sparse,12,4058,earliest_finish,11,11,1.0,True,"[0, 1, 2, 3, 4, 5, 6, 7, 8, 9, 10]","[0, 1, 2, 3, 4, 5, 6, 7, 8, 9, 10]","[[0, 226, 231], [1, 129, 134], [2, 106, 109], [3, 111, 113], [4, 40, 43], [5, 89, 92], [6, 13, 15], [7, 177, 180], [8, 144, 149], [9, 236, 239], [10, 24, 27], [11, 238, 242]]"
8,sparse,12,4058,earliest_start,11,11,1.0,True,"[0, 1, 2, 3, 4, 5, 6, 7, 8, 9, 10]","[0, 1, 2, 3, 4, 5, 6, 7, 8, 9, 10]","[[0, 226, 231], [1, 129, 134], [2, 106, 109], [3, 111, 113], [4, 40, 43], [5, 89, 92], [6, 13, 15], [7, 177, 180], [8, 144, 149], [9, 236, 239], [10, 24, 27], [11, 238, 242]]"
8,sparse,12,4058,shortest_duration,11,11,1.0,True,"[0, 1, 2, 3, 4, 5, 6, 7, 8, 9, 10]","[0, 1, 2, 3, 4, 5, 6, 7, 8, 9, 10]","[[0, 226, 231], [1, 129, 134], [2, 106, 109], [3, 111, 113], [4, 40, 43], [5, 89, 92], [6, 13, 15], [7, 177, 180], [8, 144, 149], [9, 236, 239], [10, 24, 27], [11, 238, 242]]"
8,sparse,12,4058,group_heuristic,11,11,1.0,True,"[0, 1, 2, 3, 4, 5, 6, 7, 8, 9, 10]","[0, 1, 2, 3, 4, 5, 6, 7, 8, 9, 10]","[[0, 226, 231], [1, 129, 134], [2, 106, 109], [3, 111, 113], [4, 40, 43], [5, 89, 92], [6, 13, 15], [7, 177, 180], [8, 144, 149], [9, 236, 239], [10, 24, 27], [11, 238, 242]]"
9,sparse,4,4059,earliest_finish,4,4,1.0,True,"[0, 1, 2, 3]","[0, 1, 2, 3]","[[0, 12, 13], [1, 24, 26], [2, 78, 80], [3, 43, 44]]"
9,sparse,4,4059,earliest_start,4,4,1.0,True,"[0, 1, 2, 3]","[0, 1, 2, 3]","[[0, 12, 13], [1, 24, 26], [2, 78, 80], [3, 43, 44]]"
9,sparse,4,4059,shortest_duration,4,4,1.0,True,"[0, 1, 2, 3]","[0, 1, 2, 3]","[[0, 12, 13], [1, 24, 26], [2, 78, 80], [3, 43, 44]]"
9,sparse,4,4059,group_heuristic,4,4,1.0,True,"[0, 1, 2, 3]","[0, 1, 2, 3]","[[0, 12, 13], [1, 24, 26], [2, 78, 80], [3, 43, 44]]"
10,sparse,5,4060,earliest_finish,5,5,1.0,True,"[0, 1, 2, 3, 4]","[0, 1, 2, 3, 4]","[[0, 87, 91], [1, 21, 25], [2, 94, 99], [3, 18, 21], [4, 28, 30]]"
10,sparse,5,4060,earliest_start,5,5,1.0,True,"[0, 1, 2, 3, 4]","[0, 1, 2, 3, 4]","[[0, 87, 91], [1, 21, 25], [2, 94, 99], [3, 18, 21], [4, 28, 30]]"
10,sparse,5,4060,shortest_duration,5,5,1.0,True,"[0, 1, 2, 3, 4]","[0, 1, 2, 3, 4]","[[0, 87, 91], [1, 21, 25], [2, 94, 99], [3, 18, 21], [4, 28, 30]]"
10,sparse,5,4060,group_heuristic,5,5,1.0,True,"[0, 1, 2, 3, 4]","[0, 1, 2, 3, 4]","[[0, 87, 91], [1, 21, 25], [2, 94, 99], [3, 18, 21], [4, 28, 30]]"
11,sparse,6,4061,earliest_finish,6,6,1.0,True,"[0, 1, 2, 3, 4, 5]","[0, 1, 2, 3, 4, 5]","[[0, 105, 107], [1, 17, 18], [2, 34, 38], [3, 44, 49], [4, 82, 87], [5, 0, 1]]"
11,sparse,6,4061,earliest_start,6,6,1.0,True,"[0, 1, 2, 3, 4, 5]","[0, 1, 2, 3, 4, 5]","[[0, 105, 107], [1, 17, 18], [2, 34, 38], [3, 44, 49], [4, 82, 87], [5, 0, 1]]"
11,sparse,6,4061,shortest_duration,6,6,1.0,True,"[0, 1, 2, 3, 4, 5]","[0, 1, 2, 3, 4, 5]","[[0, 105, 107], [1, 17, 18], [2, 34, 38], [3, 44, 49], [4, 82, 87], [5, 0, 1]]"
11,sparse,6,4061,group_heuristic,6,6,1.0,True,"[0, 1, 2, 3, 4, 5]","[0, 1, 2, 3, 4, 5]","[[0, 105, 107], [1, 17, 18], [2, 34, 38], [3, 44, 49], [4, 82, 87], [5, 0, 1]]"
12,sparse,7,4062,earliest_finish,7,7,1.0,True,"[0, 1, 2, 3, 4, 5, 6]","[0, 1, 2, 3, 4, 5, 6]","[[0, 135, 136], [1, 5, 6], [2, 74, 77], [3, 84, 89], [4, 60, 65], [5, 97, 99], [6, 67, 69]]"
12,sparse,7,4062,earliest_start,7,7,1.0,True,"[0, 1, 2, 3, 4, 5, 6]","[0, 1, 2, 3, 4, 5, 6]","[[0, 135, 136], [1, 5, 6], [2, 74, 77], [3, 84, 89], [4, 60, 65], [5, 97, 99], [6, 67, 69]]"
12,sparse,7,4062,shortest_duration,7,7,1.0,True,"[0, 1, 2, 3, 4, 5, 6]","[0, 1, 2, 3, 4, 5, 6]","[[0, 135, 136], [1, 5, 6], [2, 74, 77], [3, 84, 89], [4, 60, 65], [5, 97, 99], [6, 67, 69]]"
12,sparse,7,4062,group_heuristic,7,7,1.0,True,"[0, 1, 2, 3, 4, 5, 6]","[0, 1, 2, 3, 4, 5, 6]","[[0, 135, 136], [1, 5, 6], [2, 74, 77], [3, 84, 89], [4, 60, 65], [5, 97, 99], [6, 67, 69]]"
13,sparse,8,4063,earliest_finish,6,6,1.0,True,"[0, 2, 3, 4, 6, 7]","[0, 2, 3, 4, 6, 7]","[[0, 81, 85], [1, 141, 143], [2, 54, 57], [3, 138, 142], [4, 130, 135], [5, 56, 59], [6, 1, 5], [7, 50, 52]]"
13,sparse,8,4063,earliest_start,6,6,1.0,True,"[0, 2, 3, 4, 6, 7]","[0, 2, 3, 4, 6, 7]","[[0, 81, 85], [1, 141, 143], [2, 54, 57], [3, 138, 142], [4, 130, 135], [5, 56, 59], [6, 1, 5], [7, 50, 52]]"
13,sparse,8,4063,shortest_duration,6,6,1.0,True,"[0, 1, 2, 4, 6, 7]","[0, 2, 3, 4, 6, 7]","[[0, 81, 85], [1, 141, 143], [2, 54, 57], [3, 138, 142], [4, 130, 135], [5, 56, 59], [6, 1, 5], [7, 50, 52]]"
13,sparse,8,4063,group_heuristic,6,6,1.0,True,"[0, 2, 3, 4, 6, 7]","[0, 2, 3, 4, 6, 7]","[[0, 81, 85], [1, 141, 143], [2, 54, 57], [3, 138, 142], [4, 130, 135], [5, 56, 59], [6, 1, 5], [7, 50, 52]]"
14,sparse,9,4064,earliest_finish,9,9,1.0,True,"[0, 1, 2, 3, 4, 5, 6, 7, 8]","[0, 1, 2, 3, 4, 5, 6, 7, 8]","[[0, 132, 133], [1, 70, 74], [2, 51, 52], [3, 39, 44], [4, 2, 4], [5, 162, 164], [6, 94, 95], [7, 17, 20], [8, 99, 101]]"
14,sparse,9,4064,earliest_start,9,9,1.0,True,"[0, 1, 2, 3, 4, 5, 6, 7, 8]","[0, 1, 2, 3, 4, 5, 6, 7, 8]","[[0, 132, 133], [1, 70, 74], [2, 51, 52], [3, 39, 44], [4, 2, 4], [5, 162, 164], [6, 94, 95], [7, 17, 20], [8, 99, 101]]"
14,sparse,9,4064,shortest_duration,9,9,1.0,True,"[0, 1, 2, 3, 4, 5, 6, 7, 8]","[0, 1, 2, 3, 4, 5, 6, 7, 8]","[[0, 132, 133], [1, 70, 74], [2, 51, 52], [3, 39, 44], [4, 2, 4], [5, 162, 164], [6, 94, 95], [7, 17, 20], [8, 99, 101]]"
14,sparse,9,4064,group_heuristic,9,9,1.0,True,"[0, 1, 2, 3, 4, 5, 6, 7, 8]","[0, 1, 2, 3, 4, 5, 6, 7, 8]","[[0, 132, 133], [1, 70, 74], [2, 51, 52], [3, 39, 44], [4, 2, 4], [5, 162, 164], [6, 94, 95], [7, 17, 20], [8, 99, 101]]"
15,sparse,10,4065,earliest_finish,10,10,1.0,True,"[0, 1, 2, 3, 4, 5, 6, 7, 8, 9]","[0, 1, 2, 3, 4, 5, 6, 7, 8, 9]","[[0, 131, 135], [1, 108, 113], [2, 114, 119], [3, 173, 176], [4, 2, 5], [5, 60, 64], [6, 98, 101], [7, 164, 166], [8, 187, 189], [9, 39, 40]]"
15,sparse,10,4065,earliest_start,10,10,1.0,True,"[0, 1, 2, 3, 4, 5, 6, 7, 8, 9]","[0, 1, 2, 3, 4, 5, 6, 7, 8, 9]","[[0, 131, 135], [1, 108, 113], [2, 114, 119], [3, 173, 176], [4, 2, 5], [5, 60, 64], [6, 98, 101], [7, 164, 166], [8, 187, 189], [9, 39, 40]]"
15,sparse,10,4065,shortest_duration,10,10,1.0,True,"[0, 1, 2, 3, 4, 5, 6, 7, 8, 9]","[0, 1, 2, 3, 4, 5, 6, 7, 8, 9]","[[0, 131, 135], [1, 108, 113], [2, 114, 119], [3, 173, 176], [4, 2, 5], [5, 60, 64], [6, 98, 101], [7, 164, 166], [8, 187, 189], [9, 39, 40]]"
15,sparse,10,4065,group_heuristic,10,10,1.0,True,"[0, 1, 2, 3, 4, 5, 6, 7, 8, 9]","[0, 1, 2, 3, 4, 5, 6, 7, 8, 9]","[[0, 131, 135], [1, 108, 113], [2, 114, 119], [3, 173, 176], [4, 2, 5], [5, 60, 64], [6, 98, 101], [7, 164, 166], [8, 187, 189], [9, 39, 40]]"
16,sparse,11,4066,earliest_finish,10,10,1.0,True,"[0, 1, 2, 3, 4, 5, 6, 7, 8, 9]","[0, 1, 2, 3, 4, 5, 6, 7, 8, 9]","[[0, 176, 177], [1, 136, 138], [2, 201, 202], [3, 77, 78], [4, 80, 83], [5, 122, 123], [6, 85, 88], [7, 212, 213], [8, 22, 24], [9, 203, 206], [10, 176, 180]]"
16,sparse,11,4066,earliest_start,10,10,1.0,True,"[0, 1, 2, 3, 4, 5, 6, 7, 8, 9]","[0, 1, 2, 3, 4, 5, 6, 7, 8, 9]","[[0, 176, 177], [1, 136, 138], [2, 201, 202], [3, 77, 78], [4, 80, 83], [5, 122, 123], [6, 85, 88], [7, 212, 213], [8, 22, 24], [9, 203, 206], [10, 176, 180]]"
16,sparse,11,4066,shortest_duration,10,10,1.0,True,"[0, 1, 2, 3, 4, 5, 6, 7, 8, 9]","[0, 1, 2, 3, 4, 5, 6, 7, 8, 9]","[[0, 176, 177], [1, 136, 138], [2, 201, 202], [3, 77, 78], [4, 80, 83], [5, 122, 123], [6, 85, 88], [7, 212, 213], [8, 22, 24], [9, 203, 206], [10, 176, 180]]"
16,sparse,11,4066,group_heuristic,10,10,1.0,True,"[0, 1, 2, 3, 4, 5, 6, 7, 8, 9]","[0, 1, 2, 3, 4, 5, 6, 7, 8, 9]","[[0, 176, 177], [1, 136, 138], [2, 201, 202], [3, 77, 78], [4, 80, 83], [5, 122, 123], [6, 85, 88], [7, 212, 213], [8, 22, 24], [9, 203, 206], [10, 176, 180]]"
17,sparse,12,4067,earliest_finish,10,10,1.0,True,"[0, 1, 2, 3, 4, 5, 6, 8, 9, 11]","[0, 1, 2, 3, 4, 5, 6, 8, 9, 11]","[[0, 218, 219], [1, 231, 233], [2, 117, 119], [3, 67, 68], [4, 233, 235], [5, 181, 184], [6, 57, 60], [7, 13, 17], [8, 211, 214], [9, 110, 113], [10, 232, 236], [11, 11, 14]]"
17,sparse,12,4067,earliest_start,10,10,1.0,True,"[0, 1, 2, 3, 4, 5, 6, 8, 9, 11]","[0, 1, 2, 3, 4, 5, 6, 8, 9, 11]","[[0, 218, 219], [1, 231, 233], [2, 117, 119], [3, 67, 68], [4, 233, 235], [5, 181, 184], [6, 57, 60], [7, 13, 17], [8, 211, 214], [9, 110, 113], [10, 232, 236], [11, 11, 14]]"
17,sparse,12,4067,shortest_duration,10,10,1.0,True,"[0, 1, 2, 3, 4, 5, 6, 8, 9, 11]","[0, 1, 2, 3, 4, 5, 6, 8, 9, 11]","[[0, 218, 219], [1, 231, 233], [2, 117, 119], [3, 67, 68], [4, 233, 235], [5, 181, 184], [6, 57, 60], [7, 13, 17], [8, 211, 214], [9, 110, 113], [10, 232, 236], [11, 11, 14]]"
17,sparse,12,4067,group_heuristic,10,10,1.0,True,"[0, 1, 2, 3, 4, 5, 6, 8, 9, 11]","[0, 1, 2, 3, 4, 5, 6, 8, 9, 11]","[[0, 218, 219], [1, 231, 233], [2, 117, 119], [3, 67, 68], [4, 233, 235], [5, 181, 184], [6, 57, 60], [7, 13, 17], [8, 211, 214], [9, 110, 113], [10, 232, 236], [11, 11, 14]]"
18,sparse,4,4068,earliest_finish,4,4,1.0,True,"[0, 1, 2, 3]","[0, 1, 2, 3]","[[0, 27, 31], [1, 58, 62], [2, 52, 56], [3, 19, 24]]"
18,sparse,4,4068,earliest_start,4,4,1.0,True,"[0, 1, 2, 3]","[0, 1, 2, 3]","[[0, 27, 31], [1, 58, 62], [2, 52, 56], [3, 19, 24]]"
18,sparse,4,4068,shortest_duration,4,4,1.0,True,"[0, 1, 2, 3]","[0, 1, 2, 3]","[[0, 27, 31], [1, 58, 62], [2, 52, 56], [3, 19, 24]]"
18,sparse,4,4068,group_heuristic,4,4,1.0,True,"[0, 1, 2, 3]","[0, 1, 2, 3]","[[0, 27, 31], [1, 58, 62], [2, 52, 56], [3, 19, 24]]"
19,sparse,5,4069,earliest_finish,5,5,1.0,True,"[0, 1, 2, 3, 4]","[0, 1, 2, 3, 4]","[[0, 11, 15], [1, 26, 27], [2, 15, 19], [3, 80, 81], [4, 67, 72]]"
19,sparse,5,4069,earliest_start,5,5,1.0,True,"[0, 1, 2, 3, 4]","[0, 1, 2, 3, 4]","[[0, 11, 15], [1, 26, 27], [2, 15, 19], [3, 80, 81], [4, 67, 72]]"
19,sparse,5,4069,shortest_duration,5,5,1.0,True,"[0, 1, 2, 3, 4]","[0, 1, 2, 3, 4]","[[0, 11, 15], [1, 26, 27], [2, 15, 19], [3, 80, 81], [4, 67, 72]]"
19,sparse,5,4069,group_heuristic,5,5,1.0,True,"[0, 1, 2, 3, 4]","[0, 1, 2, 3, 4]","[[0, 11, 15], [1, 26, 27], [2, 15, 19], [3, 80, 81], [4, 67, 72]]"
20,sparse,6,4070,earliest_finish,6,6,1.0,True,"[0, 1, 2, 3, 4, 5]","[0, 1, 2, 3, 4, 5]","[[0, 114, 115], [1, 74, 78], [2, 28, 32], [3, 97, 100], [4, 52, 55], [5, 45, 48]]"
20,sparse,6,4070,earliest_start,6,6,1.0,True,"[0, 1, 2, 3, 4, 5]","[0, 1, 2, 3, 4, 5]","[[0, 114, 115], [1, 74, 78], [2, 28, 32], [3, 97, 100], [4, 52, 55], [5, 45, 48]]"
20,sparse,6,4070,shortest_duration,6,6,1.0,True,"[0, 1, 2, 3, 4, 5]","[0, 1, 2, 3, 4, 5]","[[0, 114, 115], [1, 74, 78], [2, 28, 32], [3, 97, 100], [4, 52, 55], [5, 45, 48]]"
20,sparse,6,4070,group_heuristic,6,6,1.0,True,"[0, 1, 2, 3, 4, 5]","[0, 1, 2, 3, 4, 5]","[[0, 114, 115], [1, 74, 78], [2, 28, 32], [3, 97, 100], [4, 52, 55], [5, 45, 48]]"
21,sparse,7,4071,earliest_finish,6,6,1.0,True,"[0, 1, 2, 4, 5, 6]","[0, 1, 2, 4, 5, 6]","[[0, 16, 18], [1, 30, 35], [2, 94, 99], [3, 96, 100], [4, 80, 82], [5, 72, 77], [6, 7, 9]]"
21,sparse,7,4071,earliest_start,6,6,1.0,True,"[0, 1, 2, 4, 5, 6]","[0, 1, 2, 4, 5, 6]","[[0, 16, 18], [1, 30, 35], [2, 94, 99], [3, 96, 100], [4, 80, 82], [5, 72, 77], [6, 7, 9]]"
21,sparse,7,4071,shortest_duration,6,6,1.0,True,"[0, 1, 3, 4, 5, 6]","[0, 1, 2, 4, 5, 6]","[[0, 16, 18], [1, 30, 35], [2, 94, 99], [3, 96, 100], [4, 80, 82], [5, 72, 77], [6, 7, 9]]"
21,sparse,7,4071,group_heuristic,6,6,1.0,True,"[0, 1, 2, 4, 5, 6]","[0, 1, 2, 4, 5, 6]","[[0, 16, 18], [1, 30, 35], [2, 94, 99], [3, 96, 100], [4, 80, 82], [5, 72, 77], [6, 7, 9]]"
22,sparse,8,4072,earliest_finish,6,6,1.0,True,"[0, 1, 3, 4, 5, 6]","[0, 1, 3, 4, 5, 6]","[[0, 103, 107], [1, 51, 52], [2, 152, 156], [3, 141, 145], [4, 8, 11], [5, 150, 155], [6, 96, 97], [7, 10, 14]]"
22,sparse,8,4072,earliest_start,6,6,1.0,True,"[0, 1, 3, 4, 5, 6]","[0, 1, 3, 4, 5, 6]","[[0, 103, 107], [1, 51, 52], [2, 152, 156], [3, 141, 145], [4, 8, 11], [5, 150, 155], [6, 96, 97], [7, 10, 14]]"
22,sparse,8,4072,shortest_duration,6,6,1.0,True,"[0, 1, 2, 3, 4, 6]","[0, 1, 3, 4, 5, 6]","[[0, 103, 107], [1, 51, 52], [2, 152, 156], [3, 141, 145], [4, 8, 11], [5, 150, 155], [6, 96, 97], [7, 10, 14]]"
22,sparse,8,4072,group_heuristic,6,6,1.0,True,"[0, 1, 3, 4, 5, 6]","[0, 1, 3, 4, 5, 6]","[[0, 103, 107], [1, 51, 52], [2, 152, 156], [3, 141, 145], [4, 8, 11], [5, 150, 155], [6, 96, 97], [7, 10, 14]]"
23,sparse,9,4073,earliest_finish,8,8,1.0,True,"[0, 1, 2, 3, 5, 6, 7, 8]","[0, 1, 2, 3, 5, 6, 7, 8]","[[0, 116, 119], [1, 65, 67], [2, 172, 174], [3, 62, 64], [4, 143, 147], [5, 142, 145], [6, 67, 72], [7, 94, 97], [8, 102, 107]]"
23,sparse,9,4073,earliest_start,8,8,1.0,True,"[0, 1, 2, 3, 5, 6, 7, 8]","[0, 1, 2, 3, 5, 6, 7, 8]","[[0, 116, 119], [1, 65, 67], [2, 172, 174], [3, 62, 64], [4, 143, 147], [5, 142, 145], [6, 67, 72], [7, 94, 97], [8, 102, 107]]"
23,sparse,9,4073,shortest_duration,8,8,1.0,True,"[0, 1, 2, 3, 5, 6, 7, 8]","[0, 1, 2, 3, 5, 6, 7, 8]","[[0, 116, 119], [1, 65, 67], [2, 172, 174], [3, 62, 64], [4, 143, 147], [5, 142, 145], [6, 67, 72], [7, 94, 97], [8, 102, 107]]"
23,sparse,9,4073,group_heuristic,8,8,1.0,True,"[0, 1, 2, 3, 5, 6, 7, 8]","[0, 1, 2, 3, 5, 6, 7, 8]","[[0, 116, 119], [1, 65, 67], [2, 172, 174], [3, 62, 64], [4, 143, 147], [5, 142, 145], [6, 67, 72], [7, 94, 97], [8, 102, 107]]"
24,sparse,10,4074,earliest_finish,8,8,1.0,True,"[1, 2, 3, 4, 5, 6, 7, 9]","[0, 1, 2, 3, 5, 7, 8, 9]","[[0, 23, 27], [1, 66, 67], [2, 75, 76], [3, 120, 125], [4, 23, 24], [5, 142, 144], [6, 7, 10], [7, 76, 81], [8, 6, 10], [9, 15, 16]]"
24,sparse,10,4074,earliest_start,8,8,1.0,True,"[0, 1, 2, 3, 5, 7, 8, 9]","[0, 1, 2, 3, 5, 7, 8, 9]","[[0, 23, 27], [1, 66, 67], [2, 75, 76], [3, 120, 125], [4, 23, 24], [5, 142, 144], [6, 7, 10], [7, 76, 81], [8, 6, 10], [9, 15, 16]]"
24,sparse,10,4074,shortest_duration,8,8,1.0,True,"[1, 2, 3, 4, 5, 6, 7, 9]","[0, 1, 2, 3, 5, 7, 8, 9]","[[0, 23, 27], [1, 66, 67], [2, 75, 76], [3, 120, 125], [4, 23, 24], [5, 142, 144], [6, 7, 10], [7, 76, 81], [8, 6, 10], [9, 15, 16]]"
24,sparse,10,4074,group_heuristic,8,8,1.0,True,"[1, 2, 3, 4, 5, 6, 7, 9]","[0, 1, 2, 3, 5, 7, 8, 9]","[[0, 23, 27], [1, 66, 67], [2, 75, 76], [3, 120, 125], [4, 23, 24], [5, 142, 144], [6, 7, 10], [7, 76, 81], [8, 6, 10], [9, 15, 16]]"
25,sparse,11,4075,earliest_finish,7,7,1.0,True,"[1, 2, 3, 5, 7, 9, 10]","[1, 2, 3, 5, 7, 8, 9]","[[0, 10, 15], [1, 126, 127], [2, 107, 111], [3, 113, 117], [4, 126, 131], [5, 8, 11], [6, 115, 120], [7, 140, 141], [8, 48, 51], [9, 83, 87], [10, 48, 49]]"
25,sparse,11,4075,earliest_start,7,7,1.0,True,"[1, 2, 3, 5, 7, 8, 9]","[1, 2, 3, 5, 7, 8, 9]","[[0, 10, 15], [1, 126, 127], [2, 107, 111], [3, 113, 117], [4, 126, 131], [5, 8, 11], [6, 115, 120], [7, 140, 141], [8, 48, 51], [9, 83, 87], [10, 48, 49]]"
25,sparse,11,4075,shortest_duration,7,7,1.0,True,"[1, 2, 3, 5, 7, 9, 10]","[1, 2, 3, 5, 7, 8, 9]","[[0, 10, 15], [1, 126, 127], [2, 107, 111], [3, 113, 117], [4, 126, 131], [5, 8, 11], [6, 115, 120], [7, 140, 141], [8, 48, 51], [9, 83, 87], [10, 48, 49]]"
25,sparse,11,4075,group_heuristic,7,7,1.0,True,"[1, 2, 3, 5, 7, 9, 10]","[1, 2, 3, 5, 7, 8, 9]","[[0, 10, 15], [1, 126, 127], [2, 107, 111], [3, 113, 117], [4, 126, 131], [5, 8, 11], [6, 115, 120], [7, 140, 141], [8, 48, 51], [9, 83, 87], [10, 48, 49]]"
26,sparse,12,4076,earliest_finish,11,11,1.0,True,"[0, 1, 2, 3, 4, 5, 6, 7, 8, 10, 11]","[0, 1, 2, 3, 4, 5, 6, 7, 8, 10, 11]","[[0, 44, 49], [1, 224, 226], [2, 180, 185], [3, 167, 171], [4, 219, 220], [5, 103, 108], [6, 52, 54], [7, 157, 161], [8, 118, 123], [9, 33, 36], [10, 30, 35], [11, 23, 25]]"
26,sparse,12,4076,earliest_start,11,11,1.0,True,"[0, 1, 2, 3, 4, 5, 6, 7, 8, 10, 11]","[0, 1, 2, 3, 4, 5, 6, 7, 8, 10, 11]","[[0, 44, 49], [1, 224, 226], [2, 180, 185], [3, 167, 171], [4, 219, 220], [5, 103, 108], [6, 52, 54], [7, 157, 161], [8, 118, 123], [9, 33, 36], [10, 30, 35], [11, 23, 25]]"
26,sparse,12,4076,shortest_duration,11,11,1.0,True,"[0, 1, 2, 3, 4, 5, 6, 7, 8, 9, 11]","[0, 1, 2, 3, 4, 5, 6, 7, 8, 10, 11]","[[0, 44, 49], [1, 224, 226], [2, 180, 185], [3, 167, 171], [4, 219, 220], [5, 103, 108], [6, 52, 54], [7, 157, 161], [8, 118, 123], [9, 33, 36], [10, 30, 35], [11, 23, 25]]"
26,sparse,12,4076,group_heuristic,11,11,1.0,True,"[0, 1, 2, 3, 4, 5, 6, 7, 8, 10, 11]","[0, 1, 2, 3, 4, 5, 6, 7, 8, 10, 11]","[[0, 44, 49], [1, 224, 226], [2, 180, 185], [3, 167, 171], [4, 219, 220], [5, 103, 108], [6, 52, 54], [7, 157, 161], [8, 118, 123], [9, 33, 36], [10, 30, 35], [11, 23, 25]]"
27,sparse,4,4077,earliest_finish,4,4,1.0,True,"[0, 1, 2, 3]","[0, 1, 2, 3]","[[0, 46, 49], [1, 20, 25], [2, 50, 54], [3, 75, 80]]"
27,sparse,4,4077,earliest_start,4,4,1.0,True,"[0, 1, 2, 3]","[0, 1, 2, 3]","[[0, 46, 49], [1, 20, 25], [2, 50, 54], [3, 75, 80]]"
27,sparse,4,4077,shortest_duration,4,4,1.0,True,"[0, 1, 2, 3]","[0, 1, 2, 3]","[[0, 46, 49], [1, 20, 25], [2, 50, 54], [3, 75, 80]]"
27,sparse,4,4077,group_heuristic,4,4,1.0,True,"[0, 1, 2, 3]","[0, 1, 2, 3]","[[0, 46, 49], [1, 20, 25], [2, 50, 54], [3, 75, 80]]"
28,sparse,5,4078,earliest_finish,4,4,1.0,True,"[0, 1, 2, 4]","[0, 1, 2, 4]","[[0, 9, 14], [1, 39, 41], [2, 2, 6], [3, 40, 42], [4, 30, 33]]"
28,sparse,5,4078,earliest_start,4,4,1.0,True,"[0, 1, 2, 4]","[0, 1, 2, 4]","[[0, 9, 14], [1, 39, 41], [2, 2, 6], [3, 40, 42], [4, 30, 33]]"
28,sparse,5,4078,shortest_duration,4,4,1.0,True,"[0, 1, 2, 4]","[0, 1, 2, 4]","[[0, 9, 14], [1, 39, 41], [2, 2, 6], [3, 40, 42], [4, 30, 33]]"
28,sparse,5,4078,group_heuristic,4,4,1.0,True,"[0, 1, 2, 4]","[0, 1, 2, 4]","[[0, 9, 14], [1, 39, 41], [2, 2, 6], [3, 40, 42], [4, 30, 33]]"
29,sparse,6,4079,earliest_finish,6,6,1.0,True,"[0, 1, 2, 3, 4, 5]","[0, 1, 2, 3, 4, 5]","[[0, 30, 32], [1, 89, 91], [2, 120, 124], [3, 71, 73], [4, 44, 48], [5, 79, 81]]"
29,sparse,6,4079,earliest_start,6,6,1.0,True,"[0, 1, 2, 3, 4, 5]","[0, 1, 2, 3, 4, 5]","[[0, 30, 32], [1, 89, 91], [2, 120, 124], [3, 71, 73], [4, 44, 48], [5, 79, 81]]"
29,sparse,6,4079,shortest_duration,6,6,1.0,True,"[0, 1, 2, 3, 4, 5]","[0, 1, 2, 3, 4, 5]","[[0, 30, 32], [1, 89, 91], [2, 120, 124], [3, 71, 73], [4, 44, 48], [5, 79, 81]]"
29,sparse,6,4079,group_heuristic,6,6,1.0,True,"[0, 1, 2, 3, 4, 5]","[0, 1, 2, 3, 4, 5]","[[0, 30, 32], [1, 89, 91], [2, 120, 124], [3, 71, 73], [4, 44, 48], [5, 79, 81]]"
30,sparse,7,4080,earliest_finish,5,5,1.0,True,"[0, 2, 3, 4, 6]","[0, 2, 3, 4, 6]","[[0, 127, 131], [1, 124, 129], [2, 94, 96], [3, 74, 78], [4, 122, 125], [5, 124, 126], [6, 110, 114]]"
30,sparse,7,4080,earliest_start,5,5,1.0,True,"[0, 2, 3, 4, 6]","[0, 2, 3, 4, 6]","[[0, 127, 131], [1, 124, 129], [2, 94, 96], [3, 74, 78], [4, 122, 125], [5, 124, 126], [6, 110, 114]]"
30,sparse,7,4080,shortest_duration,5,5,1.0,True,"[0, 2, 3, 5, 6]","[0, 2, 3, 4, 6]","[[0, 127, 131], [1, 124, 129], [2, 94, 96], [3, 74, 78], [4, 122, 125], [5, 124, 126], [6, 110, 114]]"
30,sparse,7,4080,group_heuristic,5,5,1.0,True,"[0, 2, 3, 4, 6]","[0, 2, 3, 4, 6]","[[0, 127, 131], [1, 124, 129], [2, 94, 96], [3, 74, 78], [4, 122, 125], [5, 124, 126], [6, 110, 114]]"
31,sparse,8,4081,earliest_finish,7,7,1.0,True,"[0, 1, 2, 3, 4, 5, 6]","[0, 1, 2, 3, 4, 5, 6]","[[0, 76, 79], [1, 5, 8], [2, 139, 140], [3, 24, 26], [4, 110, 112], [5, 83, 84], [6, 100, 101], [7, 76, 80]]"
31,sparse,8,4081,earliest_start,7,7,1.0,True,"[0, 1, 2, 3, 4, 5, 6]","[0, 1, 2, 3, 4, 5, 6]","[[0, 76, 79], [1, 5, 8], [2, 139, 140], [3, 24, 26], [4, 110, 112], [5, 83, 84], [6, 100, 101], [7, 76, 80]]"
31,sparse,8,4081,shortest_duration,7,7,1.0,True,"[0, 1, 2, 3, 4, 5, 6]","[0, 1, 2, 3, 4, 5, 6]","[[0, 76, 79], [1, 5, 8], [2, 139, 140], [3, 24, 26], [4, 110, 112], [5, 83, 84], [6, 100, 101], [7, 76, 80]]"
31,sparse,8,4081,group_heuristic,7,7,1.0,True,"[0, 1, 2, 3, 4, 5, 6]","[0, 1, 2, 3, 4, 5, 6]","[[0, 76, 79], [1, 5, 8], [2, 139, 140], [3, 24, 26], [4, 110, 112], [5, 83, 84], [6, 100, 101], [7, 76, 80]]"
32,sparse,9,4082,earliest_finish,8,8,1.0,True,"[0, 1, 2, 3, 4, 5, 6, 8]","[0, 1, 2, 3, 4, 5, 6, 8]","[[0, 41, 42], [1, 84, 85], [2, 32, 36], [3, 130, 135], [4, 54, 57], [5, 140, 144], [6, 58, 63], [7, 54, 59], [8, 18, 22]]"
32,sparse,9,4082,earliest_start,8,8,1.0,True,"[0, 1, 2, 3, 4, 5, 6, 8]","[0, 1, 2, 3, 4, 5, 6, 8]","[[0, 41, 42], [1, 84, 85], [2, 32, 36], [3, 130, 135], [4, 54, 57], [5, 140, 144], [6, 58, 63], [7, 54, 59], [8, 18, 22]]"
32,sparse,9,4082,shortest_duration,8,8,1.0,True,"[0, 1, 2, 3, 4, 5, 6, 8]","[0, 1, 2, 3, 4, 5, 6, 8]","[[0, 41, 42], [1, 84, 85], [2, 32, 36], [3, 130, 135], [4, 54, 57], [5, 140, 144], [6, 58, 63], [7, 54, 59], [8, 18, 22]]"
32,sparse,9,4082,group_heuristic,8,8,1.0,True,"[0, 1, 2, 3, 4, 5, 6, 8]","[0, 1, 2, 3, 4, 5, 6, 8]","[[0, 41, 42], [1, 84, 85], [2, 32, 36], [3, 130, 135], [4, 54, 57], [5, 140, 144], [6, 58, 63], [7, 54, 59], [8, 18, 22]]"
33,sparse,10,4083,earliest_finish,10,10,1.0,True,"[0, 1, 2, 3, 4, 5, 6, 7, 8, 9]","[0, 1, 2, 3, 4, 5, 6, 7, 8, 9]","[[0, 128, 132], [1, 163, 165], [2, 38, 42], [3, 102, 105], [4, 142, 147], [5, 96, 99], [6, 47, 50], [7, 118, 122], [8, 151, 154], [9, 59, 60]]"
33,sparse,10,4083,earliest_start,10,10,1.0,True,"[0, 1, 2, 3, 4, 5, 6, 7, 8, 9]","[0, 1, 2, 3, 4, 5, 6, 7, 8, 9]","[[0, 128, 132], [1, 163, 165], [2, 38, 42], [3, 102, 105], [4, 142, 147], [5, 96, 99], [6, 47, 50], [7, 118, 122], [8, 151, 154], [9, 59, 60]]"
33,sparse,10,4083,shortest_duration,10,10,1.0,True,"[0, 1, 2, 3, 4, 5, 6, 7, 8, 9]","[0, 1, 2, 3, 4, 5, 6, 7, 8, 9]","[[0, 128, 132], [1, 163, 165], [2, 38, 42], [3, 102, 105], [4, 142, 147], [5, 96, 99], [6, 47, 50], [7, 118, 122], [8, 151, 154], [9, 59, 60]]"
33,sparse,10,4083,group_heuristic,10,10,1.0,True,"[0, 1, 2, 3, 4, 5, 6, 7, 8, 9]","[0, 1, 2, 3, 4, 5, 6, 7, 8, 9]","[[0, 128, 132], [1, 163, 165], [2, 38, 42], [3, 102, 105], [4, 142, 147], [5, 96, 99], [6, 47, 50], [7, 118, 122], [8, 151, 154], [9, 59, 60]]"
34,sparse,11,4084,earliest_finish,11,11,1.0,True,"[0, 1, 2, 3, 4, 5, 6, 7, 8, 9, 10]","[0, 1, 2, 3, 4, 5, 6, 7, 8, 9, 10]","[[0, 179, 181], [1, 172, 177], [2, 213, 215], [3, 177, 179], [4, 116, 119], [5, 96, 101], [6, 201, 206], [7, 189, 192], [8, 82, 84], [9, 69, 71], [10, 112, 113]]"
34,sparse,11,4084,earliest_start,11,11,1.0,True,"[0, 1, 2, 3, 4, 5, 6, 7, 8, 9, 10]","[0, 1, 2, 3, 4, 5, 6, 7, 8, 9, 10]","[[0, 179, 181], [1, 172, 177], [2, 213, 215], [3, 177, 179], [4, 116, 119], [5, 96, 101], [6, 201, 206], [7, 189, 192], [8, 82, 84], [9, 69, 71], [10, 112, 113]]"
34,sparse,11,4084,shortest_duration,11,11,1.0,True,"[0, 1, 2, 3, 4, 5, 6, 7, 8, 9, 10]","[0, 1, 2, 3, 4, 5, 6, 7, 8, 9, 10]","[[0, 179, 181], [1, 172, 177], [2, 213, 215], [3, 177, 179], [4, 116, 119], [5, 96, 101], [6, 201, 206], [7, 189, 192], [8, 82, 84], [9, 69, 71], [10, 112, 113]]"
34,sparse,11,4084,group_heuristic,11,11,1.0,True,"[0, 1, 2, 3, 4, 5, 6, 7, 8, 9, 10]","[0, 1, 2, 3, 4, 5, 6, 7, 8, 9, 10]","[[0, 179, 181], [1, 172, 177], [2, 213, 215], [3, 177, 179], [4, 116, 119], [5, 96, 101], [6, 201, 206], [7, 189, 192], [8, 82, 84], [9, 69, 71], [10, 112, 113]]"
35,sparse,12,4085,earliest_finish,10,10,1.0,True,"[0, 1, 2, 3, 4, 7, 8, 9, 10, 11]","[0, 1, 2, 3, 4, 7, 8, 9, 10, 11]","[[0, 110, 112], [1, 118, 122], [2, 155, 156], [3, 157, 161], [4, 8, 13], [5, 9, 13], [6, 158, 162], [7, 101, 102], [8, 61, 64], [9, 47, 49], [10, 35, 37], [11, 165, 166]]"
35,sparse,12,4085,earliest_start,10,10,1.0,True,"[0, 1, 2, 3, 4, 7, 8, 9, 10, 11]","[0, 1, 2, 3, 4, 7, 8, 9, 10, 11]","[[0, 110, 112], [1, 118, 122], [2, 155, 156], [3, 157, 161], [4, 8, 13], [5, 9, 13], [6, 158, 162], [7, 101, 102], [8, 61, 64], [9, 47, 49], [10, 35, 37], [11, 165, 166]]"
35,sparse,12,4085,shortest_duration,10,10,1.0,True,"[0, 1, 2, 3, 5, 7, 8, 9, 10, 11]","[0, 1, 2, 3, 4, 7, 8, 9, 10, 11]","[[0, 110, 112], [1, 118, 122], [2, 155, 156], [3, 157, 161], [4, 8, 13], [5, 9, 13], [6, 158, 162], [7, 101, 102], [8, 61, 64], [9, 47, 49], [10, 35, 37], [11, 165, 166]]"
35,sparse,12,4085,group_heuristic,10,10,1.0,True,"[0, 1, 2, 3, 4, 7, 8, 9, 10, 11]","[0, 1, 2, 3, 4, 7, 8, 9, 10, 11]","[[0, 110, 112], [1, 118, 122], [2, 155, 156], [3, 157, 161], [4, 8, 13], [5, 9, 13], [6, 158, 162], [7, 101, 102], [8, 61, 64], [9, 47, 49], [10, 35, 37], [11, 165, 166]]"
36,sparse,4,4086,earliest_finish,3,3,1.0,True,"[0, 1, 2]","[0, 1, 2]","[[0, 12, 17], [1, 59, 62], [2, 57, 59], [3, 56, 60]]"
36,sparse,4,4086,earliest_start,2,3,0.6666666666666666,False,"[0, 3]","[0, 1, 2]","[[0, 12, 17], [1, 59, 62], [2, 57, 59], [3, 56, 60]]"
36,sparse,4,4086,shortest_duration,3,3,1.0,True,"[0, 1, 2]","[0, 1, 2]","[[0, 12, 17], [1, 59, 62], [2, 57, 59], [3, 56, 60]]"
36,sparse,4,4086,group_heuristic,3,3,1.0,True,"[0, 1, 2]","[0, 1, 2]","[[0, 12, 17], [1, 59, 62], [2, 57, 59], [3, 56, 60]]"
37,sparse,5,4087,earliest_finish,5,5,1.0,True,"[0, 1, 2, 3, 4]","[0, 1, 2, 3, 4]","[[0, 32, 33], [1, 60, 61], [2, 62, 64], [3, 83, 88], [4, 53, 56]]"
37,sparse,5,4087,earliest_start,5,5,1.0,True,"[0, 1, 2, 3, 4]","[0, 1, 2, 3, 4]","[[0, 32, 33], [1, 60, 61], [2, 62, 64], [3, 83, 88], [4, 53, 56]]"
37,sparse,5,4087,shortest_duration,5,5,1.0,True,"[0, 1, 2, 3, 4]","[0, 1, 2, 3, 4]","[[0, 32, 33], [1, 60, 61], [2, 62, 64], [3, 83, 88], [4, 53, 56]]"
37,sparse,5,4087,group_heuristic,5,5,1.0,True,"[0, 1, 2, 3, 4]","[0, 1, 2, 3, 4]","[[0, 32, 33], [1, 60, 61], [2, 62, 64], [3, 83, 88], [4, 53, 56]]"
38,sparse,6,4088,earliest_finish,5,5,1.0,True,"[0, 1, 2, 4, 5]","[0, 1, 2, 4, 5]","[[0, 2, 4], [1, 34, 35], [2, 70, 71], [3, 70, 75], [4, 52, 54], [5, 110, 115]]"
38,sparse,6,4088,earliest_start,5,5,1.0,True,"[0, 1, 2, 4, 5]","[0, 1, 2, 4, 5]","[[0, 2, 4], [1, 34, 35], [2, 70, 71], [3, 70, 75], [4, 52, 54], [5, 110, 115]]"
38,sparse,6,4088,shortest_duration,5,5,1.0,True,"[0, 1, 2, 4, 5]","[0, 1, 2, 4, 5]","[[0, 2, 4], [1, 34, 35], [2, 70, 71], [3, 70, 75], [4, 52, 54], [5, 110, 115]]"
38,sparse,6,4088,group_heuristic,5,5,1.0,True,"[0, 1, 2, 4, 5]","[0, 1, 2, 4, 5]","[[0, 2, 4], [1, 34, 35], [2, 70, 71], [3, 70, 75], [4, 52, 54], [5, 110, 115]]"
39,sparse,7,4089,earliest_finish,6,6,1.0,True,"[0, 1, 2, 4, 5, 6]","[0, 1, 2, 4, 5, 6]","[[0, 52, 56], [1, 88, 91], [2, 59, 60], [3, 89, 93], [4, 68, 70], [5, 119, 120], [6, 85, 87]]"
39,sparse,7,4089,earliest_start,6,6,1.0,True,"[0, 1, 2, 4, 5, 6]","[0, 1, 2, 4, 5, 6]","[[0, 52, 56], [1, 88, 91], [2, 59, 60], [3, 89, 93], [4, 68, 70], [5, 119, 120], [6, 85, 87]]"
39,sparse,7,4089,shortest_duration,6,6,1.0,True,"[0, 1, 2, 4, 5, 6]","[0, 1, 2, 4, 5, 6]","[[0, 52, 56], [1, 88, 91], [2, 59, 60], [3, 89, 93], [4, 68, 70], [5, 119, 120], [6, 85, 87]]"
39,sparse,7,4089,group_heuristic,6,6,1.0,True,"[0, 1, 2, 4, 5, 6]","[0, 1, 2, 4, 5, 6]","[[0, 52, 56], [1, 88, 91], [2, 59, 60], [3, 89, 93], [4, 68, 70], [5, 119, 120], [6, 85, 87]]"
40,sparse,8,4090,earliest_finish,7,7,1.0,True,"[1, 2, 3, 4, 5, 6, 7]","[1, 2, 3, 4, 5, 6, 7]","[[0, 134, 138], [1, 14, 15], [2, 82, 87], [3, 96, 100], [4, 131, 135], [5, 100, 101], [6, 137, 138], [7, 143, 145]]"
40,sparse,8,4090,earliest_start,7,7,1.0,True,"[1, 2, 3, 4, 5, 6, 7]","[1, 2, 3, 4, 5, 6, 7]","[[0, 134, 138], [1, 14, 15], [2, 82, 87], [3, 96, 100], [4, 131, 135], [5, 100, 101], [6, 137, 138], [7, 143, 145]]"
40,sparse,8,4090,shortest_duration,7,7,1.0,True,"[1, 2, 3, 4, 5, 6, 7]","[1, 2, 3, 4, 5, 6, 7]","[[0, 134, 138], [1, 14, 15], [2, 82, 87], [3, 96, 100], [4, 131, 135], [5, 100, 101], [6, 137, 138], [7, 143, 145]]"
40,sparse,8,4090,group_heuristic,7,7,1.0,True,"[1, 2, 3, 4, 5, 6, 7]","[1, 2, 3, 4, 5, 6, 7]","[[0, 134, 138], [1, 14, 15], [2, 82, 87], [3, 96, 100], [4, 131, 135], [5, 100, 101], [6, 137, 138], [7, 143, 145]]"
41,sparse,9,4091,earliest_finish,6,6,1.0,True,"[0, 1, 2, 4, 5, 6]","[0, 1, 2, 4, 6, 7]","[[0, 126, 128], [1, 115, 116], [2, 180, 185], [3, 127, 130], [4, 106, 108], [5, 11, 12], [6, 57, 62], [7, 10, 12], [8, 107, 108]]"
41,sparse,9,4091,earliest_start,6,6,1.0,True,"[0, 1, 2, 4, 6, 7]","[0, 1, 2, 4, 6, 7]","[[0, 126, 128], [1, 115, 116], [2, 180, 185], [3, 127, 130], [4, 106, 108], [5, 11, 12], [6, 57, 62], [7, 10, 12], [8, 107, 108]]"
41,sparse,9,4091,shortest_duration,6,6,1.0,True,"[0, 1, 2, 5, 6, 8]","[0, 1, 2, 4, 6, 7]","[[0, 126, 128], [1, 115, 116], [2, 180, 185], [3, 127, 130], [4, 106, 108], [5, 11, 12], [6, 57, 62], [7, 10, 12], [8, 107, 108]]"
41,sparse,9,4091,group_heuristic,6,6,1.0,True,"[0, 1, 2, 4, 5, 6]","[0, 1, 2, 4, 6, 7]","[[0, 126, 128], [1, 115, 116], [2, 180, 185], [3, 127, 130], [4, 106, 108], [5, 11, 12], [6, 57, 62], [7, 10, 12], [8, 107, 108]]"
42,sparse,10,4092,earliest_finish,9,9,1.0,True,"[0, 1, 2, 3, 5, 6, 7, 8, 9]","[0, 1, 2, 3, 5, 6, 7, 8, 9]","[[0, 149, 151], [1, 28, 30], [2, 195, 200], [3, 39, 43], [4, 71, 73], [5, 144, 149], [6, 64, 67], [7, 69, 72], [8, 192, 195], [9, 11, 15]]"
42,sparse,10,4092,earliest_start,9,9,1.0,True,"[0, 1, 2, 3, 5, 6, 7, 8, 9]","[0, 1, 2, 3, 5, 6, 7, 8, 9]","[[0, 149, 151], [1, 28, 30], [2, 195, 200], [3, 39, 43], [4, 71, 73], [5, 144, 149], [6, 64, 67], [7, 69, 72], [8, 192, 195], [9, 11, 15]]"
42,sparse,10,4092,shortest_duration,9,9,1.0,True,"[0, 1, 2, 3, 4, 5, 6, 8, 9]","[0, 1, 2, 3, 5, 6, 7, 8, 9]","[[0, 149, 151], [1, 28, 30], [2, 195, 200], [3, 39, 43], [4, 71, 73], [5, 144, 149], [6, 64, 67], [7, 69, 72], [8, 192, 195], [9, 11, 15]]"
42,sparse,10,4092,group_heuristic,9,9,1.0,True,"[0, 1, 2, 3, 5, 6, 7, 8, 9]","[0, 1, 2, 3, 5, 6, 7, 8, 9]","[[0, 149, 151], [1, 28, 30], [2, 195, 200], [3, 39, 43], [4, 71, 73], [5, 144, 149], [6, 64, 67], [7, 69, 72], [8, 192, 195], [9, 11, 15]]"
43,sparse,11,4093,earliest_finish,11,11,1.0,True,"[0, 1, 2, 3, 4, 5, 6, 7, 8, 9, 10]","[0, 1, 2, 3, 4, 5, 6, 7, 8, 9, 10]","[[0, 180, 184], [1, 21, 22], [2, 59, 63], [3, 126, 127], [4, 193, 197], [5, 118, 122], [6, 156, 158], [7, 42, 43], [8, 83, 85], [9, 105, 107], [10, 186, 188]]"
43,sparse,11,4093,earliest_start,11,11,1.0,True,"[0, 1, 2, 3, 4, 5, 6, 7, 8, 9, 10]","[0, 1, 2, 3, 4, 5, 6, 7, 8, 9, 10]","[[0, 180, 184], [1, 21, 22], [2, 59, 63], [3, 126, 127], [4, 193, 197], [5, 118, 122], [6, 156, 158], [7, 42, 43], [8, 83, 85], [9, 105, 107], [10, 186, 188]]"
43,sparse,11,4093,shortest_duration,11,11,1.0,True,"[0, 1, 2, 3, 4, 5, 6, 7, 8, 9, 10]","[0, 1, 2, 3, 4, 5, 6, 7, 8, 9, 10]","[[0, 180, 184], [1, 21, 22], [2, 59, 63], [3, 126, 127], [4, 193, 197], [5, 118, 122], [6, 156, 158], [7, 42, 43], [8, 83, 85], [9, 105, 107], [10, 186, 188]]"
43,sparse,11,4093,group_heuristic,11,11,1.0,True,"[0, 1, 2, 3, 4, 5, 6, 7, 8, 9, 10]","[0, 1, 2, 3, 4, 5, 6, 7, 8, 9, 10]","[[0, 180, 184], [1, 21, 22], [2, 59, 63], [3, 126, 127], [4, 193, 197], [5, 118, 122], [6, 156, 158], [7, 42, 43], [8, 83, 85], [9, 105, 107], [10, 186, 188]]"
44,sparse,12,4094,earliest_finish,9,9,1.0,True,"[1, 3, 4, 5, 6, 7, 8, 9, 11]","[1, 3, 4, 5, 6, 7, 8, 9, 11]","[[0, 78, 82], [1, 75, 80], [2, 46, 51], [3, 229, 232], [4, 18, 22], [5, 35, 39], [6, 53, 58], [7, 43, 48], [8, 135, 137], [9, 139, 144], [10, 45, 49], [11, 118, 121]]"
44,sparse,12,4094,earliest_start,9,9,1.0,True,"[1, 3, 4, 5, 6, 7, 8, 9, 11]","[1, 3, 4, 5, 6, 7, 8, 9, 11]","[[0, 78, 82], [1, 75, 80], [2, 46, 51], [3, 229, 232], [4, 18, 22], [5, 35, 39], [6, 53, 58], [7, 43, 48], [8, 135, 137], [9, 139, 144], [10, 45, 49], [11, 118, 121]]"
44,sparse,12,4094,shortest_duration,9,9,1.0,True,"[0, 3, 4, 5, 6, 8, 9, 10, 11]","[1, 3, 4, 5, 6, 7, 8, 9, 11]","[[0, 78, 82], [1, 75, 80], [2, 46, 51], [3, 229, 232], [4, 18, 22], [5, 35, 39], [6, 53, 58], [7, 43, 48], [8, 135, 137], [9, 139, 144], [10, 45, 49], [11, 118, 121]]"
44,sparse,12,4094,group_heuristic,9,9,1.0,True,"[1, 3, 4, 5, 6, 7, 8, 9, 11]","[1, 3, 4, 5, 6, 7, 8, 9, 11]","[[0, 78, 82], [1, 75, 80], [2, 46, 51], [3, 229, 232], [4, 18, 22], [5, 35, 39], [6, 53, 58], [7, 43, 48], [8, 135, 137], [9, 139, 144], [10, 45, 49], [11, 118, 121]]"
45,sparse,4,4095,earliest_finish,4,4,1.0,True,"[0, 1, 2, 3]","[0, 1, 2, 3]","[[0, 57, 59], [1, 75, 80], [2, 65, 70], [3, 70, 73]]"
45,sparse,4,4095,earliest_start,4,4,1.0,True,"[0, 1, 2, 3]","[0, 1, 2, 3]","[[0, 57, 59], [1, 75, 80], [2, 65, 70], [3, 70, 73]]"
45,sparse,4,4095,shortest_duration,4,4,1.0,True,"[0, 1, 2, 3]","[0, 1, 2, 3]","[[0, 57, 59], [1, 75, 80], [2, 65, 70], [3, 70, 73]]"
45,sparse,4,4095,group_heuristic,4,4,1.0,True,"[0, 1, 2, 3]","[0, 1, 2, 3]","[[0, 57, 59], [1, 75, 80], [2, 65, 70], [3, 70, 73]]"
46,sparse,5,4096,earliest_finish,5,5,1.0,True,"[0, 1, 2, 3, 4]","[0, 1, 2, 3, 4]","[[0, 85, 86], [1, 96, 101], [2, 40, 44], [3, 25, 27], [4, 11, 16]]"
46,sparse,5,4096,earliest_start,5,5,1.0,True,"[0, 1, 2, 3, 4]","[0, 1, 2, 3, 4]","[[0, 85, 86], [1, 96, 101], [2, 40, 44], [3, 25, 27], [4, 11, 16]]"
46,sparse,5,4096,shortest_duration,5,5,1.0,True,"[0, 1, 2, 3, 4]","[0, 1, 2, 3, 4]","[[0, 85, 86], [1, 96, 101], [2, 40, 44], [3, 25, 27], [4, 11, 16]]"
46,sparse,5,4096,group_heuristic,5,5,1.0,True,"[0, 1, 2, 3, 4]","[0, 1, 2, 3, 4]","[[0, 85, 86], [1, 96, 101], [2, 40, 44], [3, 25, 27], [4, 11, 16]]"
47,sparse,6,4097,earliest_finish,4,4,1.0,True,"[0, 2, 3, 4]","[0, 2, 3, 4]","[[0, 26, 30], [1, 24, 29], [2, 110, 114], [3, 63, 64], [4, 23, 25], [5, 113, 117]]"
47,sparse,6,4097,earliest_start,4,4,1.0,True,"[0, 2, 3, 4]","[0, 2, 3, 4]","[[0, 26, 30], [1, 24, 29], [2, 110, 114], [3, 63, 64], [4, 23, 25], [5, 113, 117]]"
47,sparse,6,4097,shortest_duration,4,4,1.0,True,"[0, 2, 3, 4]","[0, 2, 3, 4]","[[0, 26, 30], [1, 24, 29], [2, 110, 114], [3, 63, 64], [4, 23, 25], [5, 113, 117]]"
47,sparse,6,4097,group_heuristic,4,4,1.0,True,"[0, 2, 3, 4]","[0, 2, 3, 4]","[[0, 26, 30], [1, 24, 29], [2, 110, 114], [3, 63, 64], [4, 23, 25], [5, 113, 117]]"
48,sparse,7,4098,earliest_finish,7,7,1.0,True,"[0, 1, 2, 3, 4, 5, 6]","[0, 1, 2, 3, 4, 5, 6]","[[0, 115, 117], [1, 14, 19], [2, 108, 109], [3, 138, 142], [4, 101, 105], [5, 31, 34], [6, 73, 74]]"
48,sparse,7,4098,earliest_start,7,7,1.0,True,"[0, 1, 2, 3, 4, 5, 6]","[0, 1, 2, 3, 4, 5, 6]","[[0, 115, 117], [1, 14, 19], [2, 108, 109], [3, 138, 142], [4, 101, 105], [5, 31, 34], [6, 73, 74]]"
48,sparse,7,4098,shortest_duration,7,7,1.0,True,"[0, 1, 2, 3, 4, 5, 6]","[0, 1, 2, 3, 4, 5, 6]","[[0, 115, 117], [1, 14, 19], [2, 108, 109], [3, 138, 142], [4, 101, 105], [5, 31, 34], [6, 73, 74]]"
48,sparse,7,4098,group_heuristic,7,7,1.0,True,"[0, 1, 2, 3, 4, 5, 6]","[0, 1, 2, 3, 4, 5, 6]","[[0, 115, 117], [1, 14, 19], [2, 108, 109], [3, 138, 142], [4, 101, 105], [5, 31, 34], [6, 73, 74]]"
49,sparse,8,4099,earliest_finish,7,7,1.0,True,"[0, 1, 3, 4, 5, 6, 7]","[0, 1, 3, 4, 5, 6, 7]","[[0, 96, 100], [1, 6, 9], [2, 98, 100], [3, 105, 106], [4, 36, 40], [5, 114, 116], [6, 145, 148], [7, 21, 22]]"
49,sparse,8,4099,earliest_start,7,7,1.0,True,"[0, 1, 3, 4, 5, 6, 7]","[0, 1, 3, 4, 5, 6, 7]","[[0, 96, 100], [1, 6, 9], [2, 98, 100], [3, 105, 106], [4, 36, 40], [5, 114, 116], [6, 145, 148], [7, 21, 22]]"
49,sparse,8,4099,shortest_duration,7,7,1.0,True,"[1, 2, 3, 4, 5, 6, 7]","[0, 1, 3, 4, 5, 6, 7]","[[0, 96, 100], [1, 6, 9], [2, 98, 100], [3, 105, 106], [4, 36, 40], [5, 114, 116], [6, 145, 148], [7, 21, 22]]"
49,sparse,8,4099,group_heuristic,7,7,1.0,True,"[0, 1, 3, 4, 5, 6, 7]","[0, 1, 3, 4, 5, 6, 7]","[[0, 96, 100], [1, 6, 9], [2, 98, 100], [3, 105, 106], [4, 36, 40], [5, 114, 116], [6, 145, 148], [7, 21, 22]]"
50,dense,4,4100,earliest_finish,1,1,1.0,True,[1],[0],"[[0, 4, 12], [1, 8, 11], [2, 8, 12], [3, 4, 11]]"
50,dense,4,4100,earliest_start,1,1,1.0,True,[0],[0],"[[0, 4, 12], [1, 8, 11], [2, 8, 12], [3, 4, 11]]"
50,dense,4,4100,shortest_duration,1,1,1.0,True,[1],[0],"[[0, 4, 12], [1, 8, 11], [2, 8, 12], [3, 4, 11]]"
50,dense,4,4100,group_heuristic,1,1,1.0,True,[1],[0],"[[0, 4, 12], [1, 8, 11], [2, 8, 12], [3, 4, 11]]"
51,dense,5,4101,earliest_finish,3,3,1.0,True,"[1, 2, 3]","[0, 2, 3]","[[0, 8, 16], [1, 9, 12], [2, 3, 7], [3, 0, 3], [4, 2, 5]]"
51,dense,5,4101,earliest_start,3,3,1.0,True,"[0, 2, 3]","[0, 2, 3]","[[0, 8, 16], [1, 9, 12], [2, 3, 7], [3, 0, 3], [4, 2, 5]]"
51,dense,5,4101,shortest_duration,3,3,1.0,True,"[1, 2, 3]","[0, 2, 3]","[[0, 8, 16], [1, 9, 12], [2, 3, 7], [3, 0, 3], [4, 2, 5]]"
51,dense,5,4101,group_heuristic,3,3,1.0,True,"[1, 2, 3]","[0, 2, 3]","[[0, 8, 16], [1, 9, 12], [2, 3, 7], [3, 0, 3], [4, 2, 5]]"
52,dense,6,4102,earliest_finish,3,3,1.0,True,"[2, 4, 5]","[1, 4, 5]","[[0, 10, 18], [1, 8, 14], [2, 8, 11], [3, 4, 11], [4, 4, 8], [5, 1, 3]]"
52,dense,6,4102,earliest_start,2,3,0.6666666666666666,False,"[3, 5]","[1, 4, 5]","[[0, 10, 18], [1, 8, 14], [2, 8, 11], [3, 4, 11], [4, 4, 8], [5, 1, 3]]"
52,dense,6,4102,shortest_duration,3,3,1.0,True,"[2, 4, 5]","[1, 4, 5]","[[0, 10, 18], [1, 8, 14], [2, 8, 11], [3, 4, 11], [4, 4, 8], [5, 1, 3]]"
52,dense,6,4102,group_heuristic,3,3,1.0,True,"[2, 4, 5]","[1, 4, 5]","[[0, 10, 18], [1, 8, 14], [2, 8, 11], [3, 4, 11], [4, 4, 8], [5, 1, 3]]"
53,dense,7,4103,earliest_finish,2,2,1.0,True,"[1, 2]","[1, 4]","[[0, 7, 10], [1, 11, 14], [2, 7, 9], [3, 6, 10], [4, 5, 11], [5, 6, 12], [6, 12, 16]]"
53,dense,7,4103,earliest_start,2,2,1.0,True,"[1, 4]","[1, 4]","[[0, 7, 10], [1, 11, 14], [2, 7, 9], [3, 6, 10], [4, 5, 11], [5, 6, 12], [6, 12, 16]]"
53,dense,7,4103,shortest_duration,2,2,1.0,True,"[1, 2]","[1, 4]","[[0, 7, 10], [1, 11, 14], [2, 7, 9], [3, 6, 10], [4, 5, 11], [5, 6, 12], [6, 12, 16]]"
53,dense,7,4103,group_heuristic,2,2,1.0,True,"[2, 6]","[1, 4]","[[0, 7, 10], [1, 11, 14], [2, 7, 9], [3, 6, 10], [4, 5, 11], [5, 6, 12], [6, 12, 16]]"
54,dense,8,4104,earliest_finish,3,3,1.0,True,"[0, 5, 6]","[4, 5, 6]","[[0, 2, 7], [1, 4, 11], [2, 6, 13], [3, 6, 14], [4, 1, 8], [5, 16, 21], [6, 9, 15], [7, 1, 9]]"
54,dense,8,4104,earliest_start,3,3,1.0,True,"[4, 5, 6]","[4, 5, 6]","[[0, 2, 7], [1, 4, 11], [2, 6, 13], [3, 6, 14], [4, 1, 8], [5, 16, 21], [6, 9, 15], [7, 1, 9]]"
54,dense,8,4104,shortest_duration,3,3,1.0,True,"[0, 5, 6]","[4, 5, 6]","[[0, 2, 7], [1, 4, 11], [2, 6, 13], [3, 6, 14], [4, 1, 8], [5, 16, 21], [6, 9, 15], [7, 1, 9]]"
54,dense,8,4104,group_heuristic,3,3,1.0,True,"[0, 5, 6]","[4, 5, 6]","[[0, 2, 7], [1, 4, 11], [2, 6, 13], [3, 6, 14], [4, 1, 8], [5, 16, 21], [6, 9, 15], [7, 1, 9]]"
55,dense,9,4105,earliest_finish,4,4,1.0,True,"[0, 1, 3, 6]","[0, 1, 2, 6]","[[0, 16, 18], [1, 4, 11], [2, 11, 14], [3, 11, 13], [4, 12, 14], [5, 10, 14], [6, 18, 22], [7, 8, 12], [8, 6, 12]]"
55,dense,9,4105,earliest_start,4,4,1.0,True,"[0, 1, 2, 6]","[0, 1, 2, 6]","[[0, 16, 18], [1, 4, 11], [2, 11, 14], [3, 11, 13], [4, 12, 14], [5, 10, 14], [6, 18, 22], [7, 8, 12], [8, 6, 12]]"
55,dense,9,4105,shortest_duration,4,4,1.0,True,"[0, 1, 3, 6]","[0, 1, 2, 6]","[[0, 16, 18], [1, 4, 11], [2, 11, 14], [3, 11, 13], [4, 12, 14], [5, 10, 14], [6, 18, 22], [7, 8, 12], [8, 6, 12]]"
55,dense,9,4105,group_heuristic,4,4,1.0,True,"[0, 1, 4, 6]","[0, 1, 2, 6]","[[0, 16, 18], [1, 4, 11], [2, 11, 14], [3, 11, 13], [4, 12, 14], [5, 10, 14], [6, 18, 22], [7, 8, 12], [8, 6, 12]]"
56,dense,10,4106,earliest_finish,3,3,1.0,True,"[1, 2, 9]","[1, 2, 9]","[[0, 11, 19], [1, 14, 16], [2, 8, 13], [3, 8, 15], [4, 10, 13], [5, 8, 16], [6, 3, 11], [7, 12, 16], [8, 15, 19], [9, 3, 8]]"
56,dense,10,4106,earliest_start,2,3,0.6666666666666666,False,"[0, 6]","[1, 2, 9]","[[0, 11, 19], [1, 14, 16], [2, 8, 13], [3, 8, 15], [4, 10, 13], [5, 8, 16], [6, 3, 11], [7, 12, 16], [8, 15, 19], [9, 3, 8]]"
56,dense,10,4106,shortest_duration,3,3,1.0,True,"[1, 4, 9]","[1, 2, 9]","[[0, 11, 19], [1, 14, 16], [2, 8, 13], [3, 8, 15], [4, 10, 13], [5, 8, 16], [6, 3, 11], [7, 12, 16], [8, 15, 19], [9, 3, 8]]"
56,dense,10,4106,group_heuristic,3,3,1.0,True,"[2, 8, 9]","[1, 2, 9]","[[0, 11, 19], [1, 14, 16], [2, 8, 13], [3, 8, 15], [4, 10, 13], [5, 8, 16], [6, 3, 11], [7, 12, 16], [8, 15, 19], [9, 3, 8]]"
57,dense,11,4107,earliest_finish,5,5,1.0,True,"[2, 3, 6, 7, 9]","[2, 3, 4, 6, 9]","[[0, 11, 18], [1, 1, 4], [2, 22, 24], [3, 11, 16], [4, 0, 3], [5, 16, 23], [6, 3, 9], [7, 0, 2], [8, 7, 12], [9, 16, 22], [10, 20, 28]]"
57,dense,11,4107,earliest_start,4,5,0.8,False,"[0, 4, 6, 10]","[2, 3, 4, 6, 9]","[[0, 11, 18], [1, 1, 4], [2, 22, 24], [3, 11, 16], [4, 0, 3], [5, 16, 23], [6, 3, 9], [7, 0, 2], [8, 7, 12], [9, 16, 22], [10, 20, 28]]"
57,dense,11,4107,shortest_duration,5,5,1.0,True,"[2, 3, 6, 7, 9]","[2, 3, 4, 6, 9]","[[0, 11, 18], [1, 1, 4], [2, 22, 24], [3, 11, 16], [4, 0, 3], [5, 16, 23], [6, 3, 9], [7, 0, 2], [8, 7, 12], [9, 16, 22], [10, 20, 28]]"
57,dense,11,4107,group_heuristic,5,5,1.0,True,"[2, 3, 6, 7, 9]","[2, 3, 4, 6, 9]","[[0, 11, 18], [1, 1, 4], [2, 22, 24], [3, 11, 16], [4, 0, 3], [5, 16, 23], [6, 3, 9], [7, 0, 2], [8, 7, 12], [9, 16, 22], [10, 20, 28]]"
58,dense,12,4108,earliest_finish,4,4,1.0,True,"[4, 8, 9, 10]","[1, 2, 4, 5]","[[0, 21, 26], [1, 0, 8], [2, 10, 13], [3, 3, 7], [4, 13, 15], [5, 20, 26], [6, 5, 12], [7, 9, 15], [8, 7, 12], [9, 2, 6], [10, 21, 25], [11, 13, 17]]"
58,dense,12,4108,earliest_start,3,4,0.75,False,"[1, 5, 7]","[1, 2, 4, 5]","[[0, 21, 26], [1, 0, 8], [2, 10, 13], [3, 3, 7], [4, 13, 15], [5, 20, 26], [6, 5, 12], [7, 9, 15], [8, 7, 12], [9, 2, 6], [10, 21, 25], [11, 13, 17]]"
58,dense,12,4108,shortest_duration,4,4,1.0,True,"[2, 3, 4, 10]","[1, 2, 4, 5]","[[0, 21, 26], [1, 0, 8], [2, 10, 13], [3, 3, 7], [4, 13, 15], [5, 20, 26], [6, 5, 12], [7, 9, 15], [8, 7, 12], [9, 2, 6], [10, 21, 25], [11, 13, 17]]"
58,dense,12,4108,group_heuristic,4,4,1.0,True,"[2, 4, 9, 10]","[1, 2, 4, 5]","[[0, 21, 26], [1, 0, 8], [2, 10, 13], [3, 3, 7], [4, 13, 15], [5, 20, 26], [6, 5, 12], [7, 9, 15], [8, 7, 12], [9, 2, 6], [10, 21, 25], [11, 13, 17]]"
59,dense,4,4109,earliest_finish,1,1,1.0,True,[1],[1],"[[0, 4, 12], [1, 2, 6], [2, 2, 10], [3, 5, 11]]"
59,dense,4,4109,earliest_start,1,1,1.0,True,[1],[1],"[[0, 4, 12], [1, 2, 6], [2, 2, 10], [3, 5, 11]]"
59,dense,4,4109,shortest_duration,1,1,1.0,True,[1],[1],"[[0, 4, 12], [1, 2, 6], [2, 2, 10], [3, 5, 11]]"
59,dense,4,4109,group_heuristic,1,1,1.0,True,[1],[1],"[[0, 4, 12], [1, 2, 6], [2, 2, 10], [3, 5, 11]]"
60,dense,5,4110,earliest_finish,2,2,1.0,True,"[1, 2]","[0, 1]","[[0, 6, 11], [1, 3, 6], [2, 6, 9], [3, 8, 16], [4, 5, 10]]"
60,dense,5,4110,earliest_start,2,2,1.0,True,"[0, 1]","[0, 1]","[[0, 6, 11], [1, 3, 6], [2, 6, 9], [3, 8, 16], [4, 5, 10]]"
60,dense,5,4110,shortest_duration,2,2,1.0,True,"[1, 2]","[0, 1]","[[0, 6, 11], [1, 3, 6], [2, 6, 9], [3, 8, 16], [4, 5, 10]]"
60,dense,5,4110,group_heuristic,2,2,1.0,True,"[1, 2]","[0, 1]","[[0, 6, 11], [1, 3, 6], [2, 6, 9], [3, 8, 16], [4, 5, 10]]"
61,dense,6,4111,earliest_finish,2,2,1.0,True,"[2, 5]","[2, 5]","[[0, 11, 19], [1, 10, 16], [2, 7, 13], [3, 4, 7], [4, 8, 13], [5, 0, 5]]"
61,dense,6,4111,earliest_start,2,2,1.0,True,"[2, 5]","[2, 5]","[[0, 11, 19], [1, 10, 16], [2, 7, 13], [3, 4, 7], [4, 8, 13], [5, 0, 5]]"
61,dense,6,4111,shortest_duration,2,2,1.0,True,"[3, 4]","[2, 5]","[[0, 11, 19], [1, 10, 16], [2, 7, 13], [3, 4, 7], [4, 8, 13], [5, 0, 5]]"
61,dense,6,4111,group_heuristic,2,2,1.0,True,"[2, 5]","[2, 5]","[[0, 11, 19], [1, 10, 16], [2, 7, 13], [3, 4, 7], [4, 8, 13], [5, 0, 5]]"
62,dense,7,4112,earliest_finish,3,3,1.0,True,"[1, 4, 5]","[4, 5, 6]","[[0, 9, 17], [1, 5, 7], [2, 6, 11], [3, 9, 17], [4, 13, 15], [5, 1, 3], [6, 3, 11]]"
62,dense,7,4112,earliest_start,3,3,1.0,True,"[4, 5, 6]","[4, 5, 6]","[[0, 9, 17], [1, 5, 7], [2, 6, 11], [3, 9, 17], [4, 13, 15], [5, 1, 3], [6, 3, 11]]"
62,dense,7,4112,shortest_duration,3,3,1.0,True,"[1, 4, 5]","[4, 5, 6]","[[0, 9, 17], [1, 5, 7], [2, 6, 11], [3, 9, 17], [4, 13, 15], [5, 1, 3], [6, 3, 11]]"
62,dense,7,4112,group_heuristic,3,3,1.0,True,"[1, 4, 5]","[4, 5, 6]","[[0, 9, 17], [1, 5, 7], [2, 6, 11], [3, 9, 17], [4, 13, 15], [5, 1, 3], [6, 3, 11]]"
63,dense,8,4113,earliest_finish,3,3,1.0,True,"[0, 4, 5]","[0, 4, 5]","[[0, 1, 7], [1, 12, 19], [2, 4, 9], [3, 9, 16], [4, 7, 10], [5, 11, 14], [6, 12, 19], [7, 5, 13]]"
63,dense,8,4113,earliest_start,3,3,1.0,True,"[0, 4, 5]","[0, 4, 5]","[[0, 1, 7], [1, 12, 19], [2, 4, 9], [3, 9, 16], [4, 7, 10], [5, 11, 14], [6, 12, 19], [7, 5, 13]]"
63,dense,8,4113,shortest_duration,3,3,1.0,True,"[0, 4, 5]","[0, 4, 5]","[[0, 1, 7], [1, 12, 19], [2, 4, 9], [3, 9, 16], [4, 7, 10], [5, 11, 14], [6, 12, 19], [7, 5, 13]]"
63,dense,8,4113,group_heuristic,3,3,1.0,True,"[0, 4, 5]","[0, 4, 5]","[[0, 1, 7], [1, 12, 19], [2, 4, 9], [3, 9, 16], [4, 7, 10], [5, 11, 14], [6, 12, 19], [7, 5, 13]]"
64,dense,9,4114,earliest_finish,4,4,1.0,True,"[0, 1, 4, 7]","[0, 4, 5, 7]","[[0, 0, 7], [1, 16, 18], [2, 6, 8], [3, 16, 21], [4, 18, 25], [5, 14, 18], [6, 0, 8], [7, 7, 11], [8, 14, 22]]"
64,dense,9,4114,earliest_start,4,4,1.0,True,"[0, 4, 5, 7]","[0, 4, 5, 7]","[[0, 0, 7], [1, 16, 18], [2, 6, 8], [3, 16, 21], [4, 18, 25], [5, 14, 18], [6, 0, 8], [7, 7, 11], [8, 14, 22]]"
64,dense,9,4114,shortest_duration,3,4,0.75,False,"[1, 2, 4]","[0, 4, 5, 7]","[[0, 0, 7], [1, 16, 18], [2, 6, 8], [3, 16, 21], [4, 18, 25], [5, 14, 18], [6, 0, 8], [7, 7, 11], [8, 14, 22]]"
64,dense,9,4114,group_heuristic,4,4,1.0,True,"[0, 1, 4, 7]","[0, 4, 5, 7]","[[0, 0, 7], [1, 16, 18], [2, 6, 8], [3, 16, 21], [4, 18, 25], [5, 14, 18], [6, 0, 8], [7, 7, 11], [8, 14, 22]]"
65,dense,10,4115,earliest_finish,3,3,1.0,True,"[1, 2, 8]","[1, 2, 8]","[[0, 5, 11], [1, 2, 6], [2, 8, 13], [3, 11, 18], [4, 3, 8], [5, 4, 12], [6, 16, 22], [7, 10, 13], [8, 13, 18], [9, 14, 18]]"
65,dense,10,4115,earliest_start,3,3,1.0,True,"[1, 2, 8]","[1, 2, 8]","[[0, 5, 11], [1, 2, 6], [2, 8, 13], [3, 11, 18], [4, 3, 8], [5, 4, 12], [6, 16, 22], [7, 10, 13], [8, 13, 18], [9, 14, 18]]"
65,dense,10,4115,shortest_duration,3,3,1.0,True,"[1, 7, 9]","[1, 2, 8]","[[0, 5, 11], [1, 2, 6], [2, 8, 13], [3, 11, 18], [4, 3, 8], [5, 4, 12], [6, 16, 22], [7, 10, 13], [8, 13, 18], [9, 14, 18]]"
65,dense,10,4115,group_heuristic,3,3,1.0,True,"[1, 2, 8]","[1, 2, 8]","[[0, 5, 11], [1, 2, 6], [2, 8, 13], [3, 11, 18], [4, 3, 8], [5, 4, 12], [6, 16, 22], [7, 10, 13], [8, 13, 18], [9, 14, 18]]"
66,dense,11,4116,earliest_finish,5,5,1.0,True,"[0, 2, 5, 6, 10]","[0, 2, 5, 6, 10]","[[0, 7, 10], [1, 1, 9], [2, 0, 4], [3, 3, 5], [4, 13, 19], [5, 17, 22], [6, 13, 15], [7, 13, 20], [8, 14, 18], [9, 8, 13], [10, 11, 13]]"
66,dense,11,4116,earliest_start,4,5,0.8,False,"[0, 2, 4, 10]","[0, 2, 5, 6, 10]","[[0, 7, 10], [1, 1, 9], [2, 0, 4], [3, 3, 5], [4, 13, 19], [5, 17, 22], [6, 13, 15], [7, 13, 20], [8, 14, 18], [9, 8, 13], [10, 11, 13]]"
66,dense,11,4116,shortest_duration,5,5,1.0,True,"[0, 3, 5, 6, 10]","[0, 2, 5, 6, 10]","[[0, 7, 10], [1, 1, 9], [2, 0, 4], [3, 3, 5], [4, 13, 19], [5, 17, 22], [6, 13, 15], [7, 13, 20], [8, 14, 18], [9, 8, 13], [10, 11, 13]]"
66,dense,11,4116,group_heuristic,5,5,1.0,True,"[0, 2, 5, 6, 10]","[0, 2, 5, 6, 10]","[[0, 7, 10], [1, 1, 9], [2, 0, 4], [3, 3, 5], [4, 13, 19], [5, 17, 22], [6, 13, 15], [7, 13, 20], [8, 14, 18], [9, 8, 13], [10, 11, 13]]"
67,dense,12,4117,earliest_finish,5,5,1.0,True,"[1, 3, 4, 8, 9]","[1, 3, 4, 8, 9]","[[0, 21, 24], [1, 16, 18], [2, 2, 9], [3, 12, 14], [4, 18, 23], [5, 22, 28], [6, 3, 8], [7, 16, 23], [8, 6, 8], [9, 1, 6], [10, 5, 12], [11, 3, 6]]"
67,dense,12,4117,earliest_start,5,5,1.0,True,"[1, 3, 4, 8, 9]","[1, 3, 4, 8, 9]","[[0, 21, 24], [1, 16, 18], [2, 2, 9], [3, 12, 14], [4, 18, 23], [5, 22, 28], [6, 3, 8], [7, 16, 23], [8, 6, 8], [9, 1, 6], [10, 5, 12], [11, 3, 6]]"
67,dense,12,4117,shortest_duration,5,5,1.0,True,"[0, 1, 3, 8, 11]","[1, 3, 4, 8, 9]","[[0, 21, 24], [1, 16, 18], [2, 2, 9], [3, 12, 14], [4, 18, 23], [5, 22, 28], [6, 3, 8], [7, 16, 23], [8, 6, 8], [9, 1, 6], [10, 5, 12], [11, 3, 6]]"
67,dense,12,4117,group_heuristic,5,5,1.0,True,"[1, 3, 4, 8, 9]","[1, 3, 4, 8, 9]","[[0, 21, 24], [1, 16, 18], [2, 2, 9], [3, 12, 14], [4, 18, 23], [5, 22, 28], [6, 3, 8], [7, 16, 23], [8, 6, 8], [9, 1, 6], [10, 5, 12], [11, 3, 6]]"
68,dense,4,4118,earliest_finish,2,2,1.0,True,"[0, 1]","[0, 1]","[[0, 5, 9], [1, 3, 5], [2, 6, 10], [3, 1, 9]]"
68,dense,4,4118,earliest_start,1,2,0.5,False,[3],"[0, 1]","[[0, 5, 9], [1, 3, 5], [2, 6, 10], [3, 1, 9]]"
68,dense,4,4118,shortest_duration,2,2,1.0,True,"[0, 1]","[0, 1]","[[0, 5, 9], [1, 3, 5], [2, 6, 10], [3, 1, 9]]"
68,dense,4,4118,group_heuristic,2,2,1.0,True,"[0, 1]","[0, 1]","[[0, 5, 9], [1, 3, 5], [2, 6, 10], [3, 1, 9]]"
69,dense,5,4119,earliest_finish,2,2,1.0,True,"[0, 4]","[0, 3]","[[0, 1, 5], [1, 4, 11], [2, 7, 14], [3, 5, 13], [4, 5, 12]]"
69,dense,5,4119,earliest_start,2,2,1.0,True,"[0, 3]","[0, 3]","[[0, 1, 5], [1, 4, 11], [2, 7, 14], [3, 5, 13], [4, 5, 12]]"
69,dense,5,4119,shortest_duration,2,2,1.0,True,"[0, 2]","[0, 3]","[[0, 1, 5], [1, 4, 11], [2, 7, 14], [3, 5, 13], [4, 5, 12]]"
69,dense,5,4119,group_heuristic,2,2,1.0,True,"[0, 4]","[0, 3]","[[0, 1, 5], [1, 4, 11], [2, 7, 14], [3, 5, 13], [4, 5, 12]]"
70,dense,6,4120,earliest_finish,2,2,1.0,True,"[0, 2]","[0, 3]","[[0, 2, 6], [1, 9, 14], [2, 8, 11], [3, 6, 13], [4, 10, 13], [5, 9, 12]]"
70,dense,6,4120,earliest_start,2,2,1.0,True,"[0, 3]","[0, 3]","[[0, 2, 6], [1, 9, 14], [2, 8, 11], [3, 6, 13], [4, 10, 13], [5, 9, 12]]"
70,dense,6,4120,shortest_duration,2,2,1.0,True,"[0, 2]","[0, 3]","[[0, 2, 6], [1, 9, 14], [2, 8, 11], [3, 6, 13], [4, 10, 13], [5, 9, 12]]"
70,dense,6,4120,group_heuristic,2,2,1.0,True,"[0, 2]","[0, 3]","[[0, 2, 6], [1, 9, 14], [2, 8, 11], [3, 6, 13], [4, 10, 13], [5, 9, 12]]"
71,dense,7,4121,earliest_finish,3,3,1.0,True,"[1, 2, 4]","[1, 2, 4]","[[0, 10, 13], [1, 1, 8], [2, 9, 12], [3, 10, 16], [4, 13, 18], [5, 9, 14], [6, 7, 11]]"
71,dense,7,4121,earliest_start,3,3,1.0,True,"[1, 2, 4]","[1, 2, 4]","[[0, 10, 13], [1, 1, 8], [2, 9, 12], [3, 10, 16], [4, 13, 18], [5, 9, 14], [6, 7, 11]]"
71,dense,7,4121,shortest_duration,3,3,1.0,True,"[0, 1, 4]","[1, 2, 4]","[[0, 10, 13], [1, 1, 8], [2, 9, 12], [3, 10, 16], [4, 13, 18], [5, 9, 14], [6, 7, 11]]"
71,dense,7,4121,group_heuristic,3,3,1.0,True,"[1, 2, 4]","[1, 2, 4]","[[0, 10, 13], [1, 1, 8], [2, 9, 12], [3, 10, 16], [4, 13, 18], [5, 9, 14], [6, 7, 11]]"
72,dense,8,4122,earliest_finish,4,4,1.0,True,"[0, 4, 5, 7]","[0, 1, 5, 7]","[[0, 3, 9], [1, 10, 16], [2, 7, 14], [3, 11, 18], [4, 12, 15], [5, 16, 19], [6, 10, 18], [7, 1, 3]]"
72,dense,8,4122,earliest_start,4,4,1.0,True,"[0, 1, 5, 7]","[0, 1, 5, 7]","[[0, 3, 9], [1, 10, 16], [2, 7, 14], [3, 11, 18], [4, 12, 15], [5, 16, 19], [6, 10, 18], [7, 1, 3]]"
72,dense,8,4122,shortest_duration,4,4,1.0,True,"[0, 4, 5, 7]","[0, 1, 5, 7]","[[0, 3, 9], [1, 10, 16], [2, 7, 14], [3, 11, 18], [4, 12, 15], [5, 16, 19], [6, 10, 18], [7, 1, 3]]"
72,dense,8,4122,group_heuristic,4,4,1.0,True,"[0, 4, 5, 7]","[0, 1, 5, 7]","[[0, 3, 9], [1, 10, 16], [2, 7, 14], [3, 11, 18], [4, 12, 15], [5, 16, 19], [6, 10, 18], [7, 1, 3]]"
73,dense,9,4123,earliest_finish,4,4,1.0,True,"[5, 6, 7, 8]","[3, 6, 7, 8]","[[0, 3, 9], [1, 15, 19], [2, 6, 14], [3, 18, 25], [4, 1, 8], [5, 18, 24], [6, 14, 16], [7, 5, 8], [8, 3, 5]]"
73,dense,9,4123,earliest_start,3,4,0.75,False,"[3, 4, 6]","[3, 6, 7, 8]","[[0, 3, 9], [1, 15, 19], [2, 6, 14], [3, 18, 25], [4, 1, 8], [5, 18, 24], [6, 14, 16], [7, 5, 8], [8, 3, 5]]"
73,dense,9,4123,shortest_duration,4,4,1.0,True,"[5, 6, 7, 8]","[3, 6, 7, 8]","[[0, 3, 9], [1, 15, 19], [2, 6, 14], [3, 18, 25], [4, 1, 8], [5, 18, 24], [6, 14, 16], [7, 5, 8], [8, 3, 5]]"
73,dense,9,4123,group_heuristic,4,4,1.0,True,"[5, 6, 7, 8]","[3, 6, 7, 8]","[[0, 3, 9], [1, 15, 19], [2, 6, 14], [3, 18, 25], [4, 1, 8], [5, 18, 24], [6, 14, 16], [7, 5, 8], [8, 3, 5]]"
74,dense,10,4124,earliest_finish,3,3,1.0,True,"[0, 2, 4]","[0, 5, 8]","[[0, 18, 21], [1, 15, 19], [2, 13, 17], [3, 5, 11], [4, 6, 8], [5, 12, 18], [6, 17, 23], [7, 18, 26], [8, 4, 10], [9, 16, 21]]"
74,dense,10,4124,earliest_start,3,3,1.0,True,"[0, 5, 8]","[0, 5, 8]","[[0, 18, 21], [1, 15, 19], [2, 13, 17], [3, 5, 11], [4, 6, 8], [5, 12, 18], [6, 17, 23], [7, 18, 26], [8, 4, 10], [9, 16, 21]]"
74,dense,10,4124,shortest_duration,3,3,1.0,True,"[0, 2, 4]","[0, 5, 8]","[[0, 18, 21], [1, 15, 19], [2, 13, 17], [3, 5, 11], [4, 6, 8], [5, 12, 18], [6, 17, 23], [7, 18, 26], [8, 4, 10], [9, 16, 21]]"
74,dense,10,4124,group_heuristic,3,3,1.0,True,"[0, 2, 4]","[0, 5, 8]","[[0, 18, 21], [1, 15, 19], [2, 13, 17], [3, 5, 11], [4, 6, 8], [5, 12, 18], [6, 17, 23], [7, 18, 26], [8, 4, 10], [9, 16, 21]]"
75,dense,11,4125,earliest_finish,5,5,1.0,True,"[3, 4, 8, 9, 10]","[3, 4, 8, 9, 10]","[[0, 7, 13], [1, 1, 8], [2, 4, 8], [3, 20, 23], [4, 9, 15], [5, 7, 11], [6, 20, 24], [7, 15, 21], [8, 7, 9], [9, 0, 6], [10, 16, 20]]"
75,dense,11,4125,earliest_start,3,5,0.6,False,"[0, 7, 9]","[3, 4, 8, 9, 10]","[[0, 7, 13], [1, 1, 8], [2, 4, 8], [3, 20, 23], [4, 9, 15], [5, 7, 11], [6, 20, 24], [7, 15, 21], [8, 7, 9], [9, 0, 6], [10, 16, 20]]"
75,dense,11,4125,shortest_duration,5,5,1.0,True,"[3, 4, 8, 9, 10]","[3, 4, 8, 9, 10]","[[0, 7, 13], [1, 1, 8], [2, 4, 8], [3, 20, 23], [4, 9, 15], [5, 7, 11], [6, 20, 24], [7, 15, 21], [8, 7, 9], [9, 0, 6], [10, 16, 20]]"
75,dense,11,4125,group_heuristic,5,5,1.0,True,"[3, 4, 8, 9, 10]","[3, 4, 8, 9, 10]","[[0, 7, 13], [1, 1, 8], [2, 4, 8], [3, 20, 23], [4, 9, 15], [5, 7, 11], [6, 20, 24], [7, 15, 21], [8, 7, 9], [9, 0, 6], [10, 16, 20]]"
76,dense,12,4126,earliest_finish,5,5,1.0,True,"[0, 3, 6, 7, 10]","[1, 2, 4, 10, 11]","[[0, 22, 27], [1, 11, 17], [2, 3, 10], [3, 16, 20], [4, 18, 20], [5, 11, 19], [6, 3, 7], [7, 12, 15], [8, 18, 24], [9, 24, 31], [10, 0, 2], [11, 21, 29]]"
76,dense,12,4126,earliest_start,5,5,1.0,True,"[1, 2, 4, 10, 11]","[1, 2, 4, 10, 11]","[[0, 22, 27], [1, 11, 17], [2, 3, 10], [3, 16, 20], [4, 18, 20], [5, 11, 19], [6, 3, 7], [7, 12, 15], [8, 18, 24], [9, 24, 31], [10, 0, 2], [11, 21, 29]]"
76,dense,12,4126,shortest_duration,5,5,1.0,True,"[0, 4, 6, 7, 10]","[1, 2, 4, 10, 11]","[[0, 22, 27], [1, 11, 17], [2, 3, 10], [3, 16, 20], [4, 18, 20], [5, 11, 19], [6, 3, 7], [7, 12, 15], [8, 18, 24], [9, 24, 31], [10, 0, 2], [11, 21, 29]]"
76,dense,12,4126,group_heuristic,5,5,1.0,True,"[4, 6, 7, 9, 10]","[1, 2, 4, 10, 11]","[[0, 22, 27], [1, 11, 17], [2, 3, 10], [3, 16, 20], [4, 18, 20], [5, 11, 19], [6, 3, 7], [7, 12, 15], [8, 18, 24], [9, 24, 31], [10, 0, 2], [11, 21, 29]]"
77,dense,4,4127,earliest_finish,1,1,1.0,True,[1],[1],"[[0, 8, 13], [1, 5, 9], [2, 6, 14], [3, 5, 10]]"
77,dense,4,4127,earliest_start,1,1,1.0,True,[1],[1],"[[0, 8, 13], [1, 5, 9], [2, 6, 14], [3, 5, 10]]"
77,dense,4,4127,shortest_duration,1,1,1.0,True,[1],[1],"[[0, 8, 13], [1, 5, 9], [2, 6, 14], [3, 5, 10]]"
77,dense,4,4127,group_heuristic,1,1,1.0,True,[1],[1],"[[0, 8, 13], [1, 5, 9], [2, 6, 14], [3, 5, 10]]"
78,dense,5,4128,earliest_finish,2,2,1.0,True,"[2, 3]","[2, 3]","[[0, 9, 16], [1, 8, 14], [2, 0, 4], [3, 5, 13], [4, 7, 13]]"
78,dense,5,4128,earliest_start,2,2,1.0,True,"[2, 3]","[2, 3]","[[0, 9, 16], [1, 8, 14], [2, 0, 4], [3, 5, 13], [4, 7, 13]]"
78,dense,5,4128,shortest_duration,2,2,1.0,True,"[1, 2]","[2, 3]","[[0, 9, 16], [1, 8, 14], [2, 0, 4], [3, 5, 13], [4, 7, 13]]"
78,dense,5,4128,group_heuristic,2,2,1.0,True,"[2, 3]","[2, 3]","[[0, 9, 16], [1, 8, 14], [2, 0, 4], [3, 5, 13], [4, 7, 13]]"
79,dense,6,4129,earliest_finish,2,2,1.0,True,"[4, 5]","[2, 5]","[[0, 5, 9], [1, 6, 11], [2, 4, 8], [3, 3, 11], [4, 5, 7], [5, 9, 15]]"
79,dense,6,4129,earliest_start,1,2,0.5,False,[3],"[2, 5]","[[0, 5, 9], [1, 6, 11], [2, 4, 8], [3, 3, 11], [4, 5, 7], [5, 9, 15]]"
79,dense,6,4129,shortest_duration,2,2,1.0,True,"[4, 5]","[2, 5]","[[0, 5, 9], [1, 6, 11], [2, 4, 8], [3, 3, 11], [4, 5, 7], [5, 9, 15]]"
79,dense,6,4129,group_heuristic,2,2,1.0,True,"[4, 5]","[2, 5]","[[0, 5, 9], [1, 6, 11], [2, 4, 8], [3, 3, 11], [4, 5, 7], [5, 9, 15]]"
80,dense,7,4130,earliest_finish,3,3,1.0,True,"[0, 1, 6]","[0, 1, 5]","[[0, 11, 13], [1, 3, 11], [2, 10, 14], [3, 12, 20], [4, 11, 17], [5, 13, 19], [6, 14, 18]]"
80,dense,7,4130,earliest_start,3,3,1.0,True,"[0, 1, 5]","[0, 1, 5]","[[0, 11, 13], [1, 3, 11], [2, 10, 14], [3, 12, 20], [4, 11, 17], [5, 13, 19], [6, 14, 18]]"
80,dense,7,4130,shortest_duration,3,3,1.0,True,"[0, 1, 6]","[0, 1, 5]","[[0, 11, 13], [1, 3, 11], [2, 10, 14], [3, 12, 20], [4, 11, 17], [5, 13, 19], [6, 14, 18]]"
80,dense,7,4130,group_heuristic,3,3,1.0,True,"[0, 1, 6]","[0, 1, 5]","[[0, 11, 13], [1, 3, 11], [2, 10, 14], [3, 12, 20], [4, 11, 17], [5, 13, 19], [6, 14, 18]]"
81,dense,8,4131,earliest_finish,4,4,1.0,True,"[0, 1, 5, 7]","[0, 1, 5, 7]","[[0, 0, 2], [1, 9, 11], [2, 16, 23], [3, 8, 12], [4, 6, 13], [5, 2, 9], [6, 10, 14], [7, 14, 20]]"
81,dense,8,4131,earliest_start,4,4,1.0,True,"[0, 1, 5, 7]","[0, 1, 5, 7]","[[0, 0, 2], [1, 9, 11], [2, 16, 23], [3, 8, 12], [4, 6, 13], [5, 2, 9], [6, 10, 14], [7, 14, 20]]"
81,dense,8,4131,shortest_duration,4,4,1.0,True,"[0, 1, 5, 7]","[0, 1, 5, 7]","[[0, 0, 2], [1, 9, 11], [2, 16, 23], [3, 8, 12], [4, 6, 13], [5, 2, 9], [6, 10, 14], [7, 14, 20]]"
81,dense,8,4131,group_heuristic,4,4,1.0,True,"[0, 1, 5, 7]","[0, 1, 5, 7]","[[0, 0, 2], [1, 9, 11], [2, 16, 23], [3, 8, 12], [4, 6, 13], [5, 2, 9], [6, 10, 14], [7, 14, 20]]"
82,dense,9,4132,earliest_finish,4,4,1.0,True,"[0, 2, 6, 8]","[0, 3, 6, 8]","[[0, 9, 15], [1, 6, 12], [2, 4, 6], [3, 1, 6], [4, 4, 8], [5, 11, 19], [6, 6, 9], [7, 13, 20], [8, 17, 20]]"
82,dense,9,4132,earliest_start,3,4,0.75,False,"[1, 3, 7]","[0, 3, 6, 8]","[[0, 9, 15], [1, 6, 12], [2, 4, 6], [3, 1, 6], [4, 4, 8], [5, 11, 19], [6, 6, 9], [7, 13, 20], [8, 17, 20]]"
82,dense,9,4132,shortest_duration,4,4,1.0,True,"[0, 2, 6, 8]","[0, 3, 6, 8]","[[0, 9, 15], [1, 6, 12], [2, 4, 6], [3, 1, 6], [4, 4, 8], [5, 11, 19], [6, 6, 9], [7, 13, 20], [8, 17, 20]]"
82,dense,9,4132,group_heuristic,4,4,1.0,True,"[0, 2, 6, 8]","[0, 3, 6, 8]","[[0, 9, 15], [1, 6, 12], [2, 4, 6], [3, 1, 6], [4, 4, 8], [5, 11, 19], [6, 6, 9], [7, 13, 20], [8, 17, 20]]"
83,dense,10,4133,earliest_finish,3,3,1.0,True,"[1, 2, 8]","[0, 1, 2]","[[0, 8, 15], [1, 15, 17], [2, 0, 8], [3, 6, 13], [4, 7, 14], [5, 4, 9], [6, 3, 8], [7, 2, 10], [8, 9, 14], [9, 9, 16]]"
83,dense,10,4133,earliest_start,3,3,1.0,True,"[0, 1, 2]","[0, 1, 2]","[[0, 8, 15], [1, 15, 17], [2, 0, 8], [3, 6, 13], [4, 7, 14], [5, 4, 9], [6, 3, 8], [7, 2, 10], [8, 9, 14], [9, 9, 16]]"
83,dense,10,4133,shortest_duration,3,3,1.0,True,"[1, 5, 8]","[0, 1, 2]","[[0, 8, 15], [1, 15, 17], [2, 0, 8], [3, 6, 13], [4, 7, 14], [5, 4, 9], [6, 3, 8], [7, 2, 10], [8, 9, 14], [9, 9, 16]]"
83,dense,10,4133,group_heuristic,3,3,1.0,True,"[1, 2, 8]","[0, 1, 2]","[[0, 8, 15], [1, 15, 17], [2, 0, 8], [3, 6, 13], [4, 7, 14], [5, 4, 9], [6, 3, 8], [7, 2, 10], [8, 9, 14], [9, 9, 16]]"
84,dense,11,4134,earliest_finish,5,5,1.0,True,"[0, 5, 6, 7, 10]","[0, 3, 5, 6, 7]","[[0, 9, 14], [1, 10, 17], [2, 3, 11], [3, 0, 4], [4, 5, 11], [5, 22, 29], [6, 16, 18], [7, 6, 9], [8, 2, 7], [9, 10, 15], [10, 0, 3]]"
84,dense,11,4134,earliest_start,4,5,0.8,False,"[3, 4, 5, 6]","[0, 3, 5, 6, 7]","[[0, 9, 14], [1, 10, 17], [2, 3, 11], [3, 0, 4], [4, 5, 11], [5, 22, 29], [6, 16, 18], [7, 6, 9], [8, 2, 7], [9, 10, 15], [10, 0, 3]]"
84,dense,11,4134,shortest_duration,5,5,1.0,True,"[0, 5, 6, 7, 10]","[0, 3, 5, 6, 7]","[[0, 9, 14], [1, 10, 17], [2, 3, 11], [3, 0, 4], [4, 5, 11], [5, 22, 29], [6, 16, 18], [7, 6, 9], [8, 2, 7], [9, 10, 15], [10, 0, 3]]"
84,dense,11,4134,group_heuristic,5,5,1.0,True,"[0, 5, 6, 7, 10]","[0, 3, 5, 6, 7]","[[0, 9, 14], [1, 10, 17], [2, 3, 11], [3, 0, 4], [4, 5, 11], [5, 22, 29], [6, 16, 18], [7, 6, 9], [8, 2, 7], [9, 10, 15], [10, 0, 3]]"
85,dense,12,4135,earliest_finish,6,6,1.0,True,"[0, 1, 4, 5, 6, 11]","[0, 4, 5, 6, 10, 11]","[[0, 8, 15], [1, 21, 23], [2, 14, 18], [3, 21, 24], [4, 15, 18], [5, 5, 7], [6, 24, 27], [7, 16, 21], [8, 23, 29], [9, 15, 23], [10, 19, 24], [11, 0, 2]]"
85,dense,12,4135,earliest_start,6,6,1.0,True,"[0, 4, 5, 6, 10, 11]","[0, 4, 5, 6, 10, 11]","[[0, 8, 15], [1, 21, 23], [2, 14, 18], [3, 21, 24], [4, 15, 18], [5, 5, 7], [6, 24, 27], [7, 16, 21], [8, 23, 29], [9, 15, 23], [10, 19, 24], [11, 0, 2]]"
85,dense,12,4135,shortest_duration,6,6,1.0,True,"[0, 1, 4, 5, 6, 11]","[0, 4, 5, 6, 10, 11]","[[0, 8, 15], [1, 21, 23], [2, 14, 18], [3, 21, 24], [4, 15, 18], [5, 5, 7], [6, 24, 27], [7, 16, 21], [8, 23, 29], [9, 15, 23], [10, 19, 24], [11, 0, 2]]"
85,dense,12,4135,group_heuristic,6,6,1.0,True,"[0, 1, 4, 5, 6, 11]","[0, 4, 5, 6, 10, 11]","[[0, 8, 15], [1, 21, 23], [2, 14, 18], [3, 21, 24], [4, 15, 18], [5, 5, 7], [6, 24, 27], [7, 16, 21], [8, 23, 29], [9, 15, 23], [10, 19, 24], [11, 0, 2]]"
86,dense,4,4136,earliest_finish,2,2,1.0,True,"[0, 3]","[0, 3]","[[0, 0, 6], [1, 3, 9], [2, 3, 8], [3, 8, 13]]"
86,dense,4,4136,earliest_start,2,2,1.0,True,"[0, 3]","[0, 3]","[[0, 0, 6], [1, 3, 9], [2, 3, 8], [3, 8, 13]]"
86,dense,4,4136,shortest_duration,2,2,1.0,True,"[2, 3]","[0, 3]","[[0, 0, 6], [1, 3, 9], [2, 3, 8], [3, 8, 13]]"
86,dense,4,4136,group_heuristic,2,2,1.0,True,"[0, 3]","[0, 3]","[[0, 0, 6], [1, 3, 9], [2, 3, 8], [3, 8, 13]]"
87,dense,5,4137,earliest_finish,2,2,1.0,True,"[1, 4]","[0, 1]","[[0, 0, 4], [1, 4, 8], [2, 6, 14], [3, 2, 6], [4, 1, 3]]"
87,dense,5,4137,earliest_start,2,2,1.0,True,"[0, 1]","[0, 1]","[[0, 0, 4], [1, 4, 8], [2, 6, 14], [3, 2, 6], [4, 1, 3]]"
87,dense,5,4137,shortest_duration,2,2,1.0,True,"[1, 4]","[0, 1]","[[0, 0, 4], [1, 4, 8], [2, 6, 14], [3, 2, 6], [4, 1, 3]]"
87,dense,5,4137,group_heuristic,2,2,1.0,True,"[2, 4]","[0, 1]","[[0, 0, 4], [1, 4, 8], [2, 6, 14], [3, 2, 6], [4, 1, 3]]"
88,dense,6,4138,earliest_finish,3,3,1.0,True,"[0, 1, 3]","[1, 3, 4]","[[0, 8, 11], [1, 1, 5], [2, 1, 6], [3, 11, 14], [4, 5, 11], [5, 9, 14]]"
88,dense,6,4138,earliest_start,3,3,1.0,True,"[1, 3, 4]","[1, 3, 4]","[[0, 8, 11], [1, 1, 5], [2, 1, 6], [3, 11, 14], [4, 5, 11], [5, 9, 14]]"
88,dense,6,4138,shortest_duration,3,3,1.0,True,"[0, 1, 3]","[1, 3, 4]","[[0, 8, 11], [1, 1, 5], [2, 1, 6], [3, 11, 14], [4, 5, 11], [5, 9, 14]]"
88,dense,6,4138,group_heuristic,3,3,1.0,True,"[0, 1, 3]","[1, 3, 4]","[[0, 8, 11], [1, 1, 5], [2, 1, 6], [3, 11, 14], [4, 5, 11], [5, 9, 14]]"
89,dense,7,4139,earliest_finish,2,2,1.0,True,"[3, 6]","[0, 4]","[[0, 0, 8], [1, 4, 6], [2, 7, 15], [3, 2, 5], [4, 8, 13], [5, 3, 8], [6, 8, 10]]"
89,dense,7,4139,earliest_start,2,2,1.0,True,"[0, 4]","[0, 4]","[[0, 0, 8], [1, 4, 6], [2, 7, 15], [3, 2, 5], [4, 8, 13], [5, 3, 8], [6, 8, 10]]"
89,dense,7,4139,shortest_duration,2,2,1.0,True,"[1, 6]","[0, 4]","[[0, 0, 8], [1, 4, 6], [2, 7, 15], [3, 2, 5], [4, 8, 13], [5, 3, 8], [6, 8, 10]]"
89,dense,7,4139,group_heuristic,2,2,1.0,True,"[3, 6]","[0, 4]","[[0, 0, 8], [1, 4, 6], [2, 7, 15], [3, 2, 5], [4, 8, 13], [5, 3, 8], [6, 8, 10]]"
90,dense,8,4140,earliest_finish,4,4,1.0,True,"[2, 4, 5, 6]","[1, 2, 4, 5]","[[0, 2, 7], [1, 14, 21], [2, 1, 5], [3, 14, 21], [4, 12, 14], [5, 5, 8], [6, 15, 18], [7, 16, 20]]"
90,dense,8,4140,earliest_start,4,4,1.0,True,"[1, 2, 4, 5]","[1, 2, 4, 5]","[[0, 2, 7], [1, 14, 21], [2, 1, 5], [3, 14, 21], [4, 12, 14], [5, 5, 8], [6, 15, 18], [7, 16, 20]]"
90,dense,8,4140,shortest_duration,4,4,1.0,True,"[2, 4, 5, 6]","[1, 2, 4, 5]","[[0, 2, 7], [1, 14, 21], [2, 1, 5], [3, 14, 21], [4, 12, 14], [5, 5, 8], [6, 15, 18], [7, 16, 20]]"
90,dense,8,4140,group_heuristic,4,4,1.0,True,"[2, 4, 5, 6]","[1, 2, 4, 5]","[[0, 2, 7], [1, 14, 21], [2, 1, 5], [3, 14, 21], [4, 12, 14], [5, 5, 8], [6, 15, 18], [7, 16, 20]]"
91,dense,9,4141,earliest_finish,4,4,1.0,True,"[0, 2, 5, 7]","[2, 5, 6, 7]","[[0, 5, 8], [1, 11, 18], [2, 13, 17], [3, 8, 15], [4, 16, 19], [5, 11, 13], [6, 0, 8], [7, 18, 20], [8, 6, 14]]"
91,dense,9,4141,earliest_start,3,4,0.75,False,"[3, 4, 6]","[2, 5, 6, 7]","[[0, 5, 8], [1, 11, 18], [2, 13, 17], [3, 8, 15], [4, 16, 19], [5, 11, 13], [6, 0, 8], [7, 18, 20], [8, 6, 14]]"
91,dense,9,4141,shortest_duration,4,4,1.0,True,"[0, 2, 5, 7]","[2, 5, 6, 7]","[[0, 5, 8], [1, 11, 18], [2, 13, 17], [3, 8, 15], [4, 16, 19], [5, 11, 13], [6, 0, 8], [7, 18, 20], [8, 6, 14]]"
91,dense,9,4141,group_heuristic,4,4,1.0,True,"[0, 2, 5, 7]","[2, 5, 6, 7]","[[0, 5, 8], [1, 11, 18], [2, 13, 17], [3, 8, 15], [4, 16, 19], [5, 11, 13], [6, 0, 8], [7, 18, 20], [8, 6, 14]]"
92,dense,10,4142,earliest_finish,4,4,1.0,True,"[2, 4, 8, 9]","[1, 2, 4, 5]","[[0, 2, 9], [1, 4, 10], [2, 10, 12], [3, 4, 9], [4, 1, 4], [5, 12, 18], [6, 9, 16], [7, 16, 22], [8, 5, 8], [9, 15, 17]]"
92,dense,10,4142,earliest_start,4,4,1.0,True,"[1, 2, 4, 5]","[1, 2, 4, 5]","[[0, 2, 9], [1, 4, 10], [2, 10, 12], [3, 4, 9], [4, 1, 4], [5, 12, 18], [6, 9, 16], [7, 16, 22], [8, 5, 8], [9, 15, 17]]"
92,dense,10,4142,shortest_duration,4,4,1.0,True,"[2, 4, 8, 9]","[1, 2, 4, 5]","[[0, 2, 9], [1, 4, 10], [2, 10, 12], [3, 4, 9], [4, 1, 4], [5, 12, 18], [6, 9, 16], [7, 16, 22], [8, 5, 8], [9, 15, 17]]"
92,dense,10,4142,group_heuristic,4,4,1.0,True,"[2, 4, 7, 8]","[1, 2, 4, 5]","[[0, 2, 9], [1, 4, 10], [2, 10, 12], [3, 4, 9], [4, 1, 4], [5, 12, 18], [6, 9, 16], [7, 16, 22], [8, 5, 8], [9, 15, 17]]"
93,dense,11,4143,earliest_finish,4,4,1.0,True,"[4, 5, 6, 10]","[4, 6, 7, 9]","[[0, 16, 20], [1, 15, 22], [2, 16, 24], [3, 3, 6], [4, 18, 24], [5, 3, 5], [6, 16, 18], [7, 2, 5], [8, 16, 19], [9, 9, 16], [10, 10, 13]]"
93,dense,11,4143,earliest_start,3,4,0.75,False,"[0, 7, 9]","[4, 6, 7, 9]","[[0, 16, 20], [1, 15, 22], [2, 16, 24], [3, 3, 6], [4, 18, 24], [5, 3, 5], [6, 16, 18], [7, 2, 5], [8, 16, 19], [9, 9, 16], [10, 10, 13]]"
93,dense,11,4143,shortest_duration,4,4,1.0,True,"[4, 5, 6, 10]","[4, 6, 7, 9]","[[0, 16, 20], [1, 15, 22], [2, 16, 24], [3, 3, 6], [4, 18, 24], [5, 3, 5], [6, 16, 18], [7, 2, 5], [8, 16, 19], [9, 9, 16], [10, 10, 13]]"
93,dense,11,4143,group_heuristic,4,4,1.0,True,"[4, 5, 6, 10]","[4, 6, 7, 9]","[[0, 16, 20], [1, 15, 22], [2, 16, 24], [3, 3, 6], [4, 18, 24], [5, 3, 5], [6, 16, 18], [7, 2, 5], [8, 16, 19], [9, 9, 16], [10, 10, 13]]"
94,dense,12,4144,earliest_finish,4,4,1.0,True,"[1, 2, 5, 7]","[0, 5, 6, 9]","[[0, 20, 26], [1, 8, 16], [2, 4, 6], [3, 4, 6], [4, 11, 19], [5, 17, 20], [6, 14, 17], [7, 21, 23], [8, 15, 22], [9, 2, 9], [10, 19, 24], [11, 13, 21]]"
94,dense,12,4144,earliest_start,3,4,0.75,False,"[4, 9, 10]","[0, 5, 6, 9]","[[0, 20, 26], [1, 8, 16], [2, 4, 6], [3, 4, 6], [4, 11, 19], [5, 17, 20], [6, 14, 17], [7, 21, 23], [8, 15, 22], [9, 2, 9], [10, 19, 24], [11, 13, 21]]"
94,dense,12,4144,shortest_duration,4,4,1.0,True,"[2, 5, 6, 7]","[0, 5, 6, 9]","[[0, 20, 26], [1, 8, 16], [2, 4, 6], [3, 4, 6], [4, 11, 19], [5, 17, 20], [6, 14, 17], [7, 21, 23], [8, 15, 22], [9, 2, 9], [10, 19, 24], [11, 13, 21]]"
94,dense,12,4144,group_heuristic,4,4,1.0,True,"[2, 5, 6, 7]","[0, 5, 6, 9]","[[0, 20, 26], [1, 8, 16], [2, 4, 6], [3, 4, 6], [4, 11, 19], [5, 17, 20], [6, 14, 17], [7, 21, 23], [8, 15, 22], [9, 2, 9], [10, 19, 24], [11, 13, 21]]"
95,dense,4,4145,earliest_finish,3,3,1.0,True,"[0, 2, 3]","[0, 2, 3]","[[0, 0, 3], [1, 3, 9], [2, 8, 16], [3, 3, 8]]"
95,dense,4,4145,earliest_start,2,3,0.6666666666666666,False,"[0, 1]","[0, 2, 3]","[[0, 0, 3], [1, 3, 9], [2, 8, 16], [3, 3, 8]]"
95,dense,4,4145,shortest_duration,3,3,1.0,True,"[0, 2, 3]","[0, 2, 3]","[[0, 0, 3], [1, 3, 9], [2, 8, 16], [3, 3, 8]]"
95,dense,4,4145,group_heuristic,3,3,1.0,True,"[0, 2, 3]","[0, 2, 3]","[[0, 0, 3], [1, 3, 9], [2, 8, 16], [3, 3, 8]]"
96,dense,5,4146,earliest_finish,3,3,1.0,True,"[0, 1, 4]","[0, 1, 4]","[[0, 5, 9], [1, 9, 12], [2, 10, 15], [3, 4, 9], [4, 3, 5]]"
96,dense,5,4146,earliest_start,3,3,1.0,True,"[0, 1, 4]","[0, 1, 4]","[[0, 5, 9], [1, 9, 12], [2, 10, 15], [3, 4, 9], [4, 3, 5]]"
96,dense,5,4146,shortest_duration,3,3,1.0,True,"[0, 1, 4]","[0, 1, 4]","[[0, 5, 9], [1, 9, 12], [2, 10, 15], [3, 4, 9], [4, 3, 5]]"
96,dense,5,4146,group_heuristic,3,3,1.0,True,"[0, 1, 4]","[0, 1, 4]","[[0, 5, 9], [1, 9, 12], [2, 10, 15], [3, 4, 9], [4, 3, 5]]"
97,dense,6,4147,earliest_finish,3,3,1.0,True,"[3, 4, 5]","[1, 4, 5]","[[0, 1, 3], [1, 10, 18], [2, 12, 20], [3, 11, 13], [4, 7, 9], [5, 0, 2]]"
97,dense,6,4147,earliest_start,3,3,1.0,True,"[1, 4, 5]","[1, 4, 5]","[[0, 1, 3], [1, 10, 18], [2, 12, 20], [3, 11, 13], [4, 7, 9], [5, 0, 2]]"
97,dense,6,4147,shortest_duration,3,3,1.0,True,"[0, 3, 4]","[1, 4, 5]","[[0, 1, 3], [1, 10, 18], [2, 12, 20], [3, 11, 13], [4, 7, 9], [5, 0, 2]]"
97,dense,6,4147,group_heuristic,3,3,1.0,True,"[3, 4, 5]","[1, 4, 5]","[[0, 1, 3], [1, 10, 18], [2, 12, 20], [3, 11, 13], [4, 7, 9], [5, 0, 2]]"
98,dense,7,4148,earliest_finish,2,2,1.0,True,"[0, 3]","[0, 3]","[[0, 3, 6], [1, 8, 15], [2, 5, 7], [3, 6, 11], [4, 9, 12], [5, 3, 9], [6, 3, 11]]"
98,dense,7,4148,earliest_start,2,2,1.0,True,"[0, 3]","[0, 3]","[[0, 3, 6], [1, 8, 15], [2, 5, 7], [3, 6, 11], [4, 9, 12], [5, 3, 9], [6, 3, 11]]"
98,dense,7,4148,shortest_duration,2,2,1.0,True,"[2, 4]","[0, 3]","[[0, 3, 6], [1, 8, 15], [2, 5, 7], [3, 6, 11], [4, 9, 12], [5, 3, 9], [6, 3, 11]]"
98,dense,7,4148,group_heuristic,2,2,1.0,True,"[0, 4]","[0, 3]","[[0, 3, 6], [1, 8, 15], [2, 5, 7], [3, 6, 11], [4, 9, 12], [5, 3, 9], [6, 3, 11]]"
99,dense,8,4149,earliest_finish,3,3,1.0,True,"[0, 1, 3]","[0, 3, 5]","[[0, 8, 10], [1, 16, 18], [2, 5, 11], [3, 5, 8], [4, 7, 14], [5, 14, 22], [6, 4, 9], [7, 8, 16]]"
99,dense,8,4149,earliest_start,2,3,0.6666666666666666,False,"[5, 6]","[0, 3, 5]","[[0, 8, 10], [1, 16, 18], [2, 5, 11], [3, 5, 8], [4, 7, 14], [5, 14, 22], [6, 4, 9], [7, 8, 16]]"
99,dense,8,4149,shortest_duration,3,3,1.0,True,"[0, 1, 3]","[0, 3, 5]","[[0, 8, 10], [1, 16, 18], [2, 5, 11], [3, 5, 8], [4, 7, 14], [5, 14, 22], [6, 4, 9], [7, 8, 16]]"
99,dense,8,4149,group_heuristic,3,3,1.0,True,"[0, 1, 3]","[0, 3, 5]","[[0, 8, 10], [1, 16, 18], [2, 5, 11], [3, 5, 8], [4, 7, 14], [5, 14, 22], [6, 4, 9], [7, 8, 16]]"
100,varied,4,4150,earliest_finish,2,2,1.0,True,"[2, 3]","[0, 2]","[[0, 1, 25], [1, 30, 70], [2, 29, 31], [3, 22, 24]]"
100,varied,4,4150,earliest_start,2,2,1.0,True,"[0, 2]","[0, 2]","[[0, 1, 25], [1, 30, 70], [2, 29, 31], [3, 22, 24]]"
100,varied,4,4150,shortest_duration,2,2,1.0,True,"[2, 3]","[0, 2]","[[0, 1, 25], [1, 30, 70], [2, 29, 31], [3, 22, 24]]"
100,varied,4,4150,group_heuristic,2,2,1.0,True,"[2, 3]","[0, 2]","[[0, 1, 25], [1, 30, 70], [2, 29, 31], [3, 22, 24]]"
101,varied,5,4151,earliest_finish,3,3,1.0,True,"[1, 2, 3]","[1, 2, 3]","[[0, 45, 85], [1, 3, 5], [2, 7, 8], [3, 41, 46], [4, 4, 31]]"
101,varied,5,4151,earliest_start,3,3,1.0,True,"[1, 2, 3]","[1, 2, 3]","[[0, 45, 85], [1, 3, 5], [2, 7, 8], [3, 41, 46], [4, 4, 31]]"
101,varied,5,4151,shortest_duration,3,3,1.0,True,"[1, 2, 3]","[1, 2, 3]","[[0, 45, 85], [1, 3, 5], [2, 7, 8], [3, 41, 46], [4, 4, 31]]"
101,varied,5,4151,group_heuristic,3,3,1.0,True,"[1, 2, 3]","[1, 2, 3]","[[0, 45, 85], [1, 3, 5], [2, 7, 8], [3, 41, 46], [4, 4, 31]]"
102,varied,6,4152,earliest_finish,4,4,1.0,True,"[0, 3, 4, 5]","[2, 3, 4, 5]","[[0, 59, 61], [1, 59, 101], [2, 56, 61], [3, 52, 55], [4, 20, 24], [5, 27, 28]]"
102,varied,6,4152,earliest_start,4,4,1.0,True,"[2, 3, 4, 5]","[2, 3, 4, 5]","[[0, 59, 61], [1, 59, 101], [2, 56, 61], [3, 52, 55], [4, 20, 24], [5, 27, 28]]"
102,varied,6,4152,shortest_duration,4,4,1.0,True,"[0, 3, 4, 5]","[2, 3, 4, 5]","[[0, 59, 61], [1, 59, 101], [2, 56, 61], [3, 52, 55], [4, 20, 24], [5, 27, 28]]"
102,varied,6,4152,group_heuristic,4,4,1.0,True,"[0, 3, 4, 5]","[2, 3, 4, 5]","[[0, 59, 61], [1, 59, 101], [2, 56, 61], [3, 52, 55], [4, 20, 24], [5, 27, 28]]"
103,varied,7,4153,earliest_finish,6,6,1.0,True,"[0, 1, 2, 3, 5, 6]","[0, 1, 2, 3, 5, 6]","[[0, 53, 56], [1, 13, 16], [2, 6, 7], [3, 43, 48], [4, 54, 103], [5, 60, 99], [6, 8, 9]]"
103,varied,7,4153,earliest_start,6,6,1.0,True,"[0, 1, 2, 3, 5, 6]","[0, 1, 2, 3, 5, 6]","[[0, 53, 56], [1, 13, 16], [2, 6, 7], [3, 43, 48], [4, 54, 103], [5, 60, 99], [6, 8, 9]]"
103,varied,7,4153,shortest_duration,6,6,1.0,True,"[0, 1, 2, 3, 5, 6]","[0, 1, 2, 3, 5, 6]","[[0, 53, 56], [1, 13, 16], [2, 6, 7], [3, 43, 48], [4, 54, 103], [5, 60, 99], [6, 8, 9]]"
103,varied,7,4153,group_heuristic,6,6,1.0,True,"[0, 1, 2, 3, 5, 6]","[0, 1, 2, 3, 5, 6]","[[0, 53, 56], [1, 13, 16], [2, 6, 7], [3, 43, 48], [4, 54, 103], [5, 60, 99], [6, 8, 9]]"
104,varied,8,4154,earliest_finish,3,3,1.0,True,"[1, 2, 7]","[1, 2, 7]","[[0, 21, 71], [1, 35, 36], [2, 52, 53], [3, 26, 69], [4, 3, 41], [5, 4, 59], [6, 10, 44], [7, 39, 42]]"
104,varied,8,4154,earliest_start,2,3,0.6666666666666666,False,"[2, 4]","[1, 2, 7]","[[0, 21, 71], [1, 35, 36], [2, 52, 53], [3, 26, 69], [4, 3, 41], [5, 4, 59], [6, 10, 44], [7, 39, 42]]"
104,varied,8,4154,shortest_duration,3,3,1.0,True,"[1, 2, 7]","[1, 2, 7]","[[0, 21, 71], [1, 35, 36], [2, 52, 53], [3, 26, 69], [4, 3, 41], [5, 4, 59], [6, 10, 44], [7, 39, 42]]"
104,varied,8,4154,group_heuristic,3,3,1.0,True,"[1, 2, 7]","[1, 2, 7]","[[0, 21, 71], [1, 35, 36], [2, 52, 53], [3, 26, 69], [4, 3, 41], [5, 4, 59], [6, 10, 44], [7, 39, 42]]"
105,varied,9,4155,earliest_finish,5,5,1.0,True,"[1, 3, 4, 6, 7]","[1, 3, 4, 6, 7]","[[0, 49, 101], [1, 19, 20], [2, 32, 64], [3, 55, 102], [4, 53, 54], [5, 29, 52], [6, 36, 39], [7, 30, 33], [8, 71, 127]]"
105,varied,9,4155,earliest_start,4,5,0.8,False,"[1, 3, 4, 5]","[1, 3, 4, 6, 7]","[[0, 49, 101], [1, 19, 20], [2, 32, 64], [3, 55, 102], [4, 53, 54], [5, 29, 52], [6, 36, 39], [7, 30, 33], [8, 71, 127]]"
105,varied,9,4155,shortest_duration,5,5,1.0,True,"[1, 3, 4, 6, 7]","[1, 3, 4, 6, 7]","[[0, 49, 101], [1, 19, 20], [2, 32, 64], [3, 55, 102], [4, 53, 54], [5, 29, 52], [6, 36, 39], [7, 30, 33], [8, 71, 127]]"
105,varied,9,4155,group_heuristic,5,5,1.0,True,"[1, 4, 6, 7, 8]","[1, 3, 4, 6, 7]","[[0, 49, 101], [1, 19, 20], [2, 32, 64], [3, 55, 102], [4, 53, 54], [5, 29, 52], [6, 36, 39], [7, 30, 33], [8, 71, 127]]"
106,varied,10,4156,earliest_finish,5,5,1.0,True,"[0, 1, 4, 8, 9]","[1, 4, 5, 8, 9]","[[0, 85, 89], [1, 61, 64], [2, 72, 123], [3, 86, 106], [4, 34, 38], [5, 67, 119], [6, 12, 43], [7, 78, 135], [8, 20, 25], [9, 42, 44]]"
106,varied,10,4156,earliest_start,3,5,0.6,False,"[1, 5, 6]","[1, 4, 5, 8, 9]","[[0, 85, 89], [1, 61, 64], [2, 72, 123], [3, 86, 106], [4, 34, 38], [5, 67, 119], [6, 12, 43], [7, 78, 135], [8, 20, 25], [9, 42, 44]]"
106,varied,10,4156,shortest_duration,5,5,1.0,True,"[0, 1, 4, 8, 9]","[1, 4, 5, 8, 9]","[[0, 85, 89], [1, 61, 64], [2, 72, 123], [3, 86, 106], [4, 34, 38], [5, 67, 119], [6, 12, 43], [7, 78, 135], [8, 20, 25], [9, 42, 44]]"
106,varied,10,4156,group_heuristic,5,5,1.0,True,"[0, 1, 4, 8, 9]","[1, 4, 5, 8, 9]","[[0, 85, 89], [1, 61, 64], [2, 72, 123], [3, 86, 106], [4, 34, 38], [5, 67, 119], [6, 12, 43], [7, 78, 135], [8, 20, 25], [9, 42, 44]]"
107,varied,11,4157,earliest_finish,9,9,1.0,True,"[0, 1, 2, 3, 4, 5, 6, 7, 9]","[0, 1, 2, 3, 4, 5, 6, 7, 9]","[[0, 103, 104], [1, 81, 83], [2, 9, 64], [3, 88, 89], [4, 108, 111], [5, 2, 6], [6, 85, 86], [7, 69, 71], [8, 66, 97], [9, 76, 77], [10, 4, 9]]"
107,varied,11,4157,earliest_start,5,9,0.5555555555555556,False,"[0, 2, 4, 5, 8]","[0, 1, 2, 3, 4, 5, 6, 7, 9]","[[0, 103, 104], [1, 81, 83], [2, 9, 64], [3, 88, 89], [4, 108, 111], [5, 2, 6], [6, 85, 86], [7, 69, 71], [8, 66, 97], [9, 76, 77], [10, 4, 9]]"
107,varied,11,4157,shortest_duration,9,9,1.0,True,"[0, 1, 2, 3, 4, 5, 6, 7, 9]","[0, 1, 2, 3, 4, 5, 6, 7, 9]","[[0, 103, 104], [1, 81, 83], [2, 9, 64], [3, 88, 89], [4, 108, 111], [5, 2, 6], [6, 85, 86], [7, 69, 71], [8, 66, 97], [9, 76, 77], [10, 4, 9]]"
107,varied,11,4157,group_heuristic,9,9,1.0,True,"[0, 1, 2, 3, 4, 5, 6, 7, 9]","[0, 1, 2, 3, 4, 5, 6, 7, 9]","[[0, 103, 104], [1, 81, 83], [2, 9, 64], [3, 88, 89], [4, 108, 111], [5, 2, 6], [6, 85, 86], [7, 69, 71], [8, 66, 97], [9, 76, 77], [10, 4, 9]]"
108,varied,12,4158,earliest_finish,7,7,1.0,True,"[2, 3, 4, 5, 7, 8, 11]","[4, 5, 6, 7, 8, 10, 11]","[[0, 14, 46], [1, 13, 57], [2, 73, 99], [3, 115, 116], [4, 51, 52], [5, 40, 42], [6, 62, 105], [7, 48, 50], [8, 53, 58], [9, 51, 56], [10, 107, 152], [11, 0, 39]]"
108,varied,12,4158,earliest_start,7,7,1.0,True,"[4, 5, 6, 7, 8, 10, 11]","[4, 5, 6, 7, 8, 10, 11]","[[0, 14, 46], [1, 13, 57], [2, 73, 99], [3, 115, 116], [4, 51, 52], [5, 40, 42], [6, 62, 105], [7, 48, 50], [8, 53, 58], [9, 51, 56], [10, 107, 152], [11, 0, 39]]"
108,varied,12,4158,shortest_duration,7,7,1.0,True,"[2, 3, 4, 5, 7, 8, 11]","[4, 5, 6, 7, 8, 10, 11]","[[0, 14, 46], [1, 13, 57], [2, 73, 99], [3, 115, 116], [4, 51, 52], [5, 40, 42], [6, 62, 105], [7, 48, 50], [8, 53, 58], [9, 51, 56], [10, 107, 152], [11, 0, 39]]"
108,varied,12,4158,group_heuristic,7,7,1.0,True,"[2, 3, 4, 5, 7, 8, 11]","[4, 5, 6, 7, 8, 10, 11]","[[0, 14, 46], [1, 13, 57], [2, 73, 99], [3, 115, 116], [4, 51, 52], [5, 40, 42], [6, 62, 105], [7, 48, 50], [8, 53, 58], [9, 51, 56], [10, 107, 152], [11, 0, 39]]"
109,varied,4,4159,earliest_finish,1,1,1.0,True,[1],[2],"[[0, 28, 72], [1, 28, 30], [2, 7, 57], [3, 29, 59]]"
109,varied,4,4159,earliest_start,1,1,1.0,True,[2],[2],"[[0, 28, 72], [1, 28, 30], [2, 7, 57], [3, 29, 59]]"
109,varied,4,4159,shortest_duration,1,1,1.0,True,[1],[2],"[[0, 28, 72], [1, 28, 30], [2, 7, 57], [3, 29, 59]]"
109,varied,4,4159,group_heuristic,1,1,1.0,True,[1],[2],"[[0, 28, 72], [1, 28, 30], [2, 7, 57], [3, 29, 59]]"
110,varied,5,4160,earliest_finish,3,3,1.0,True,"[1, 2, 3]","[1, 2, 3]","[[0, 25, 73], [1, 7, 10], [2, 38, 41], [3, 34, 37], [4, 40, 45]]"
110,varied,5,4160,earliest_start,2,3,0.6666666666666666,False,"[0, 1]","[1, 2, 3]","[[0, 25, 73], [1, 7, 10], [2, 38, 41], [3, 34, 37], [4, 40, 45]]"
110,varied,5,4160,shortest_duration,3,3,1.0,True,"[1, 2, 3]","[1, 2, 3]","[[0, 25, 73], [1, 7, 10], [2, 38, 41], [3, 34, 37], [4, 40, 45]]"
110,varied,5,4160,group_heuristic,3,3,1.0,True,"[1, 2, 3]","[1, 2, 3]","[[0, 25, 73], [1, 7, 10], [2, 38, 41], [3, 34, 37], [4, 40, 45]]"
111,varied,6,4161,earliest_finish,4,4,1.0,True,"[1, 2, 3, 4]","[1, 2, 3, 4]","[[0, 48, 76], [1, 57, 60], [2, 55, 56], [3, 60, 120], [4, 11, 12], [5, 53, 58]]"
111,varied,6,4161,earliest_start,2,4,0.5,False,"[0, 4]","[1, 2, 3, 4]","[[0, 48, 76], [1, 57, 60], [2, 55, 56], [3, 60, 120], [4, 11, 12], [5, 53, 58]]"
111,varied,6,4161,shortest_duration,4,4,1.0,True,"[1, 2, 3, 4]","[1, 2, 3, 4]","[[0, 48, 76], [1, 57, 60], [2, 55, 56], [3, 60, 120], [4, 11, 12], [5, 53, 58]]"
111,varied,6,4161,group_heuristic,4,4,1.0,True,"[1, 2, 3, 4]","[1, 2, 3, 4]","[[0, 48, 76], [1, 57, 60], [2, 55, 56], [3, 60, 120], [4, 11, 12], [5, 53, 58]]"
112,varied,7,4162,earliest_finish,4,4,1.0,True,"[1, 2, 3, 4]","[1, 3, 4, 6]","[[0, 5, 63], [1, 70, 75], [2, 44, 45], [3, 14, 16], [4, 53, 54], [5, 7, 62], [6, 21, 47]]"
112,varied,7,4162,earliest_start,2,4,0.5,False,"[0, 1]","[1, 3, 4, 6]","[[0, 5, 63], [1, 70, 75], [2, 44, 45], [3, 14, 16], [4, 53, 54], [5, 7, 62], [6, 21, 47]]"
112,varied,7,4162,shortest_duration,4,4,1.0,True,"[1, 2, 3, 4]","[1, 3, 4, 6]","[[0, 5, 63], [1, 70, 75], [2, 44, 45], [3, 14, 16], [4, 53, 54], [5, 7, 62], [6, 21, 47]]"
112,varied,7,4162,group_heuristic,4,4,1.0,True,"[1, 2, 3, 4]","[1, 3, 4, 6]","[[0, 5, 63], [1, 70, 75], [2, 44, 45], [3, 14, 16], [4, 53, 54], [5, 7, 62], [6, 21, 47]]"
113,varied,8,4163,earliest_finish,5,5,1.0,True,"[0, 2, 3, 4, 5]","[0, 2, 3, 4, 5]","[[0, 66, 113], [1, 36, 76], [2, 53, 54], [3, 31, 33], [4, 6, 10], [5, 11, 12], [6, 2, 43], [7, 1, 40]]"
113,varied,8,4163,earliest_start,3,5,0.6,False,"[0, 2, 7]","[0, 2, 3, 4, 5]","[[0, 66, 113], [1, 36, 76], [2, 53, 54], [3, 31, 33], [4, 6, 10], [5, 11, 12], [6, 2, 43], [7, 1, 40]]"
113,varied,8,4163,shortest_duration,5,5,1.0,True,"[0, 2, 3, 4, 5]","[0, 2, 3, 4, 5]","[[0, 66, 113], [1, 36, 76], [2, 53, 54], [3, 31, 33], [4, 6, 10], [5, 11, 12], [6, 2, 43], [7, 1, 40]]"
113,varied,8,4163,group_heuristic,5,5,1.0,True,"[0, 2, 3, 4, 5]","[0, 2, 3, 4, 5]","[[0, 66, 113], [1, 36, 76], [2, 53, 54], [3, 31, 33], [4, 6, 10], [5, 11, 12], [6, 2, 43], [7, 1, 40]]"
114,varied,9,4164,earliest_finish,5,5,1.0,True,"[2, 3, 6, 7, 8]","[2, 3, 5, 7, 8]","[[0, 59, 91], [1, 72, 126], [2, 4, 5], [3, 19, 24], [4, 81, 104], [5, 66, 91], [6, 78, 82], [7, 57, 61], [8, 7, 9]]"
114,varied,9,4164,earliest_start,5,5,1.0,True,"[2, 3, 5, 7, 8]","[2, 3, 5, 7, 8]","[[0, 59, 91], [1, 72, 126], [2, 4, 5], [3, 19, 24], [4, 81, 104], [5, 66, 91], [6, 78, 82], [7, 57, 61], [8, 7, 9]]"
114,varied,9,4164,shortest_duration,5,5,1.0,True,"[2, 3, 6, 7, 8]","[2, 3, 5, 7, 8]","[[0, 59, 91], [1, 72, 126], [2, 4, 5], [3, 19, 24], [4, 81, 104], [5, 66, 91], [6, 78, 82], [7, 57, 61], [8, 7, 9]]"
114,varied,9,4164,group_heuristic,5,5,1.0,True,"[2, 3, 6, 7, 8]","[2, 3, 5, 7, 8]","[[0, 59, 91], [1, 72, 126], [2, 4, 5], [3, 19, 24], [4, 81, 104], [5, 66, 91], [6, 78, 82], [7, 57, 61], [8, 7, 9]]"
115,varied,10,4165,earliest_finish,6,6,1.0,True,"[1, 5, 6, 7, 8, 9]","[1, 5, 6, 7, 8, 9]","[[0, 72, 113], [1, 49, 50], [2, 23, 65], [3, 79, 131], [4, 85, 113], [5, 96, 97], [6, 64, 66], [7, 15, 17], [8, 29, 33], [9, 86, 88]]"
115,varied,10,4165,earliest_start,3,6,0.5,False,"[0, 2, 7]","[1, 5, 6, 7, 8, 9]","[[0, 72, 113], [1, 49, 50], [2, 23, 65], [3, 79, 131], [4, 85, 113], [5, 96, 97], [6, 64, 66], [7, 15, 17], [8, 29, 33], [9, 86, 88]]"
115,varied,10,4165,shortest_duration,6,6,1.0,True,"[1, 5, 6, 7, 8, 9]","[1, 5, 6, 7, 8, 9]","[[0, 72, 113], [1, 49, 50], [2, 23, 65], [3, 79, 131], [4, 85, 113], [5, 96, 97], [6, 64, 66], [7, 15, 17], [8, 29, 33], [9, 86, 88]]"
115,varied,10,4165,group_heuristic,6,6,1.0,True,"[1, 5, 6, 7, 8, 9]","[1, 5, 6, 7, 8, 9]","[[0, 72, 113], [1, 49, 50], [2, 23, 65], [3, 79, 131], [4, 85, 113], [5, 96, 97], [6, 64, 66], [7, 15, 17], [8, 29, 33], [9, 86, 88]]"
116,varied,11,4166,earliest_finish,6,6,1.0,True,"[0, 1, 4, 6, 8, 9]","[0, 1, 4, 6, 8, 9]","[[0, 110, 113], [1, 57, 60], [2, 53, 76], [3, 27, 86], [4, 65, 66], [5, 29, 78], [6, 1, 6], [7, 88, 91], [8, 99, 100], [9, 86, 90], [10, 77, 124]]"
116,varied,11,4166,earliest_start,5,6,0.8333333333333334,False,"[0, 3, 6, 8, 9]","[0, 1, 4, 6, 8, 9]","[[0, 110, 113], [1, 57, 60], [2, 53, 76], [3, 27, 86], [4, 65, 66], [5, 29, 78], [6, 1, 6], [7, 88, 91], [8, 99, 100], [9, 86, 90], [10, 77, 124]]"
116,varied,11,4166,shortest_duration,6,6,1.0,True,"[0, 1, 4, 6, 7, 8]","[0, 1, 4, 6, 8, 9]","[[0, 110, 113], [1, 57, 60], [2, 53, 76], [3, 27, 86], [4, 65, 66], [5, 29, 78], [6, 1, 6], [7, 88, 91], [8, 99, 100], [9, 86, 90], [10, 77, 124]]"
116,varied,11,4166,group_heuristic,6,6,1.0,True,"[0, 1, 4, 6, 8, 9]","[0, 1, 4, 6, 8, 9]","[[0, 110, 113], [1, 57, 60], [2, 53, 76], [3, 27, 86], [4, 65, 66], [5, 29, 78], [6, 1, 6], [7, 88, 91], [8, 99, 100], [9, 86, 90], [10, 77, 124]]"
117,varied,12,4167,earliest_finish,8,8,1.0,True,"[0, 1, 3, 5, 6, 8, 9, 10]","[0, 1, 3, 5, 6, 8, 9, 10]","[[0, 43, 45], [1, 29, 33], [2, 100, 105], [3, 2, 3], [4, 60, 103], [5, 59, 61], [6, 49, 54], [7, 51, 56], [8, 99, 104], [9, 118, 123], [10, 113, 118], [11, 11, 68]]"
117,varied,12,4167,earliest_start,5,8,0.625,False,"[3, 8, 9, 10, 11]","[0, 1, 3, 5, 6, 8, 9, 10]","[[0, 43, 45], [1, 29, 33], [2, 100, 105], [3, 2, 3], [4, 60, 103], [5, 59, 61], [6, 49, 54], [7, 51, 56], [8, 99, 104], [9, 118, 123], [10, 113, 118], [11, 11, 68]]"
117,varied,12,4167,shortest_duration,8,8,1.0,True,"[0, 1, 2, 3, 5, 6, 9, 10]","[0, 1, 3, 5, 6, 8, 9, 10]","[[0, 43, 45], [1, 29, 33], [2, 100, 105], [3, 2, 3], [4, 60, 103], [5, 59, 61], [6, 49, 54], [7, 51, 56], [8, 99, 104], [9, 118, 123], [10, 113, 118], [11, 11, 68]]"
117,varied,12,4167,group_heuristic,8,8,1.0,True,"[0, 1, 3, 5, 6, 8, 9, 10]","[0, 1, 3, 5, 6, 8, 9, 10]","[[0, 43, 45], [1, 29, 33], [2, 100, 105], [3, 2, 3], [4, 60, 103], [5, 59, 61], [6, 49, 54], [7, 51, 56], [8, 99, 104], [9, 118, 123], [10, 113, 118], [11, 11, 68]]"
118,varied,4,4168,earliest_finish,4,4,1.0,True,"[0, 1, 2, 3]","[0, 1, 2, 3]","[[0, 6, 7], [1, 26, 60], [2, 20, 25], [3, 11, 13]]"
118,varied,4,4168,earliest_start,4,4,1.0,True,"[0, 1, 2, 3]","[0, 1, 2, 3]","[[0, 6, 7], [1, 26, 60], [2, 20, 25], [3, 11, 13]]"
118,varied,4,4168,shortest_duration,4,4,1.0,True,"[0, 1, 2, 3]","[0, 1, 2, 3]","[[0, 6, 7], [1, 26, 60], [2, 20, 25], [3, 11, 13]]"
118,varied,4,4168,group_heuristic,4,4,1.0,True,"[0, 1, 2, 3]","[0, 1, 2, 3]","[[0, 6, 7], [1, 26, 60], [2, 20, 25], [3, 11, 13]]"
119,varied,5,4169,earliest_finish,3,3,1.0,True,"[1, 3, 4]","[1, 3, 4]","[[0, 22, 81], [1, 40, 44], [2, 32, 79], [3, 50, 54], [4, 22, 23]]"
119,varied,5,4169,earliest_start,1,3,0.3333333333333333,False,[0],"[1, 3, 4]","[[0, 22, 81], [1, 40, 44], [2, 32, 79], [3, 50, 54], [4, 22, 23]]"
119,varied,5,4169,shortest_duration,3,3,1.0,True,"[1, 3, 4]","[1, 3, 4]","[[0, 22, 81], [1, 40, 44], [2, 32, 79], [3, 50, 54], [4, 22, 23]]"
119,varied,5,4169,group_heuristic,3,3,1.0,True,"[1, 3, 4]","[1, 3, 4]","[[0, 22, 81], [1, 40, 44], [2, 32, 79], [3, 50, 54], [4, 22, 23]]"
120,varied,6,4170,earliest_finish,4,4,1.0,True,"[0, 2, 3, 4]","[0, 1, 2, 4]","[[0, 21, 25], [1, 33, 92], [2, 31, 32], [3, 52, 53], [4, 4, 7], [5, 46, 89]]"
120,varied,6,4170,earliest_start,4,4,1.0,True,"[0, 1, 2, 4]","[0, 1, 2, 4]","[[0, 21, 25], [1, 33, 92], [2, 31, 32], [3, 52, 53], [4, 4, 7], [5, 46, 89]]"
120,varied,6,4170,shortest_duration,4,4,1.0,True,"[0, 2, 3, 4]","[0, 1, 2, 4]","[[0, 21, 25], [1, 33, 92], [2, 31, 32], [3, 52, 53], [4, 4, 7], [5, 46, 89]]"
120,varied,6,4170,group_heuristic,4,4,1.0,True,"[0, 2, 3, 4]","[0, 1, 2, 4]","[[0, 21, 25], [1, 33, 92], [2, 31, 32], [3, 52, 53], [4, 4, 7], [5, 46, 89]]"
121,varied,7,4171,earliest_finish,3,3,1.0,True,"[2, 3, 4]","[2, 3, 4]","[[0, 16, 51], [1, 7, 63], [2, 2, 5], [3, 14, 45], [4, 52, 55], [5, 44, 47], [6, 36, 75]]"
121,varied,7,4171,earliest_start,2,3,0.6666666666666666,False,"[1, 2]","[2, 3, 4]","[[0, 16, 51], [1, 7, 63], [2, 2, 5], [3, 14, 45], [4, 52, 55], [5, 44, 47], [6, 36, 75]]"
121,varied,7,4171,shortest_duration,3,3,1.0,True,"[2, 4, 5]","[2, 3, 4]","[[0, 16, 51], [1, 7, 63], [2, 2, 5], [3, 14, 45], [4, 52, 55], [5, 44, 47], [6, 36, 75]]"
121,varied,7,4171,group_heuristic,3,3,1.0,True,"[2, 3, 4]","[2, 3, 4]","[[0, 16, 51], [1, 7, 63], [2, 2, 5], [3, 14, 45], [4, 52, 55], [5, 44, 47], [6, 36, 75]]"
122,varied,8,4172,earliest_finish,5,5,1.0,True,"[0, 2, 3, 5, 6]","[0, 2, 3, 5, 6]","[[0, 45, 73], [1, 70, 74], [2, 14, 16], [3, 23, 26], [4, 16, 57], [5, 73, 75], [6, 2, 3], [7, 71, 115]]"
122,varied,8,4172,earliest_start,4,5,0.8,False,"[1, 2, 4, 6]","[0, 2, 3, 5, 6]","[[0, 45, 73], [1, 70, 74], [2, 14, 16], [3, 23, 26], [4, 16, 57], [5, 73, 75], [6, 2, 3], [7, 71, 115]]"
122,varied,8,4172,shortest_duration,5,5,1.0,True,"[0, 2, 3, 5, 6]","[0, 2, 3, 5, 6]","[[0, 45, 73], [1, 70, 74], [2, 14, 16], [3, 23, 26], [4, 16, 57], [5, 73, 75], [6, 2, 3], [7, 71, 115]]"
122,varied,8,4172,group_heuristic,5,5,1.0,True,"[0, 2, 3, 5, 6]","[0, 2, 3, 5, 6]","[[0, 45, 73], [1, 70, 74], [2, 14, 16], [3, 23, 26], [4, 16, 57], [5, 73, 75], [6, 2, 3], [7, 71, 115]]"
123,varied,9,4173,earliest_finish,3,3,1.0,True,"[1, 3, 4]","[1, 4, 5]","[[0, 48, 51], [1, 17, 18], [2, 70, 121], [3, 47, 50], [4, 90, 95], [5, 36, 85], [6, 2, 54], [7, 47, 92], [8, 83, 115]]"
123,varied,9,4173,earliest_start,2,3,0.6666666666666666,False,"[2, 6]","[1, 4, 5]","[[0, 48, 51], [1, 17, 18], [2, 70, 121], [3, 47, 50], [4, 90, 95], [5, 36, 85], [6, 2, 54], [7, 47, 92], [8, 83, 115]]"
123,varied,9,4173,shortest_duration,3,3,1.0,True,"[0, 1, 4]","[1, 4, 5]","[[0, 48, 51], [1, 17, 18], [2, 70, 121], [3, 47, 50], [4, 90, 95], [5, 36, 85], [6, 2, 54], [7, 47, 92], [8, 83, 115]]"
123,varied,9,4173,group_heuristic,3,3,1.0,True,"[1, 3, 4]","[1, 4, 5]","[[0, 48, 51], [1, 17, 18], [2, 70, 121], [3, 47, 50], [4, 90, 95], [5, 36, 85], [6, 2, 54], [7, 47, 92], [8, 83, 115]]"
124,varied,10,4174,earliest_finish,8,8,1.0,True,"[0, 1, 2, 3, 5, 6, 7, 9]","[0, 1, 2, 3, 4, 5, 6, 7]","[[0, 82, 87], [1, 7, 9], [2, 48, 50], [3, 52, 53], [4, 94, 117], [5, 42, 45], [6, 50, 52], [7, 90, 92], [8, 28, 82], [9, 97, 98]]"
124,varied,10,4174,earliest_start,5,8,0.625,False,"[0, 1, 4, 7, 8]","[0, 1, 2, 3, 4, 5, 6, 7]","[[0, 82, 87], [1, 7, 9], [2, 48, 50], [3, 52, 53], [4, 94, 117], [5, 42, 45], [6, 50, 52], [7, 90, 92], [8, 28, 82], [9, 97, 98]]"
124,varied,10,4174,shortest_duration,8,8,1.0,True,"[0, 1, 2, 3, 5, 6, 7, 9]","[0, 1, 2, 3, 4, 5, 6, 7]","[[0, 82, 87], [1, 7, 9], [2, 48, 50], [3, 52, 53], [4, 94, 117], [5, 42, 45], [6, 50, 52], [7, 90, 92], [8, 28, 82], [9, 97, 98]]"
124,varied,10,4174,group_heuristic,8,8,1.0,True,"[0, 1, 2, 3, 5, 6, 7, 9]","[0, 1, 2, 3, 4, 5, 6, 7]","[[0, 82, 87], [1, 7, 9], [2, 48, 50], [3, 52, 53], [4, 94, 117], [5, 42, 45], [6, 50, 52], [7, 90, 92], [8, 28, 82], [9, 97, 98]]"
125,varied,11,4175,earliest_finish,8,8,1.0,True,"[0, 3, 4, 5, 6, 7, 8, 9]","[0, 3, 4, 5, 6, 7, 8, 9]","[[0, 99, 101], [1, 40, 84], [2, 88, 91], [3, 87, 90], [4, 66, 67], [5, 109, 110], [6, 4, 6], [7, 72, 74], [8, 93, 97], [9, 2, 3], [10, 64, 116]]"
125,varied,11,4175,earliest_start,7,8,0.875,False,"[0, 1, 3, 5, 6, 8, 9]","[0, 3, 4, 5, 6, 7, 8, 9]","[[0, 99, 101], [1, 40, 84], [2, 88, 91], [3, 87, 90], [4, 66, 67], [5, 109, 110], [6, 4, 6], [7, 72, 74], [8, 93, 97], [9, 2, 3], [10, 64, 116]]"
125,varied,11,4175,shortest_duration,8,8,1.0,True,"[0, 2, 4, 5, 6, 7, 8, 9]","[0, 3, 4, 5, 6, 7, 8, 9]","[[0, 99, 101], [1, 40, 84], [2, 88, 91], [3, 87, 90], [4, 66, 67], [5, 109, 110], [6, 4, 6], [7, 72, 74], [8, 93, 97], [9, 2, 3], [10, 64, 116]]"
125,varied,11,4175,group_heuristic,8,8,1.0,True,"[0, 3, 4, 5, 6, 7, 8, 9]","[0, 3, 4, 5, 6, 7, 8, 9]","[[0, 99, 101], [1, 40, 84], [2, 88, 91], [3, 87, 90], [4, 66, 67], [5, 109, 110], [6, 4, 6], [7, 72, 74], [8, 93, 97], [9, 2, 3], [10, 64, 116]]"
126,varied,12,4176,earliest_finish,8,8,1.0,True,"[0, 1, 3, 4, 5, 6, 7, 8]","[0, 1, 3, 4, 5, 6, 7, 8]","[[0, 57, 59], [1, 118, 121], [2, 113, 138], [3, 66, 70], [4, 116, 117], [5, 32, 33], [6, 4, 9], [7, 105, 106], [8, 49, 50], [9, 49, 53], [10, 50, 93], [11, 68, 71]]"
126,varied,12,4176,earliest_start,6,8,0.75,False,"[2, 5, 6, 7, 8, 10]","[0, 1, 3, 4, 5, 6, 7, 8]","[[0, 57, 59], [1, 118, 121], [2, 113, 138], [3, 66, 70], [4, 116, 117], [5, 32, 33], [6, 4, 9], [7, 105, 106], [8, 49, 50], [9, 49, 53], [10, 50, 93], [11, 68, 71]]"
126,varied,12,4176,shortest_duration,8,8,1.0,True,"[0, 1, 4, 5, 6, 7, 8, 11]","[0, 1, 3, 4, 5, 6, 7, 8]","[[0, 57, 59], [1, 118, 121], [2, 113, 138], [3, 66, 70], [4, 116, 117], [5, 32, 33], [6, 4, 9], [7, 105, 106], [8, 49, 50], [9, 49, 53], [10, 50, 93], [11, 68, 71]]"
126,varied,12,4176,group_heuristic,8,8,1.0,True,"[0, 1, 3, 4, 5, 6, 7, 8]","[0, 1, 3, 4, 5, 6, 7, 8]","[[0, 57, 59], [1, 118, 121], [2, 113, 138], [3, 66, 70], [4, 116, 117], [5, 32, 33], [6, 4, 9], [7, 105, 106], [8, 49, 50], [9, 49, 53], [10, 50, 93], [11, 68, 71]]"
127,varied,4,4177,earliest_finish,1,1,1.0,True,[2],[3],"[[0, 23, 64], [1, 23, 28], [2, 23, 25], [3, 9, 66]]"
127,varied,4,4177,earliest_start,1,1,1.0,True,[3],[3],"[[0, 23, 64], [1, 23, 28], [2, 23, 25], [3, 9, 66]]"
127,varied,4,4177,shortest_duration,1,1,1.0,True,[2],[3],"[[0, 23, 64], [1, 23, 28], [2, 23, 25], [3, 9, 66]]"
127,varied,4,4177,group_heuristic,1,1,1.0,True,[2],[3],"[[0, 23, 64], [1, 23, 28], [2, 23, 25], [3, 9, 66]]"
128,varied,5,4178,earliest_finish,5,5,1.0,True,"[0, 1, 2, 3, 4]","[0, 1, 2, 3, 4]","[[0, 3, 7], [1, 48, 85], [2, 37, 42], [3, 32, 33], [4, 12, 15]]"
128,varied,5,4178,earliest_start,5,5,1.0,True,"[0, 1, 2, 3, 4]","[0, 1, 2, 3, 4]","[[0, 3, 7], [1, 48, 85], [2, 37, 42], [3, 32, 33], [4, 12, 15]]"
128,varied,5,4178,shortest_duration,5,5,1.0,True,"[0, 1, 2, 3, 4]","[0, 1, 2, 3, 4]","[[0, 3, 7], [1, 48, 85], [2, 37, 42], [3, 32, 33], [4, 12, 15]]"
128,varied,5,4178,group_heuristic,5,5,1.0,True,"[0, 1, 2, 3, 4]","[0, 1, 2, 3, 4]","[[0, 3, 7], [1, 48, 85], [2, 37, 42], [3, 32, 33], [4, 12, 15]]"
129,varied,6,4179,earliest_finish,4,4,1.0,True,"[0, 1, 2, 4]","[2, 3, 4, 5]","[[0, 57, 62], [1, 46, 47], [2, 8, 9], [3, 44, 47], [4, 6, 8], [5, 48, 90]]"
129,varied,6,4179,earliest_start,4,4,1.0,True,"[2, 3, 4, 5]","[2, 3, 4, 5]","[[0, 57, 62], [1, 46, 47], [2, 8, 9], [3, 44, 47], [4, 6, 8], [5, 48, 90]]"
129,varied,6,4179,shortest_duration,4,4,1.0,True,"[0, 1, 2, 4]","[2, 3, 4, 5]","[[0, 57, 62], [1, 46, 47], [2, 8, 9], [3, 44, 47], [4, 6, 8], [5, 48, 90]]"
129,varied,6,4179,group_heuristic,4,4,1.0,True,"[0, 1, 2, 4]","[2, 3, 4, 5]","[[0, 57, 62], [1, 46, 47], [2, 8, 9], [3, 44, 47], [4, 6, 8], [5, 48, 90]]"
130,varied,7,4180,earliest_finish,4,4,1.0,True,"[1, 2, 3, 6]","[0, 2, 3, 6]","[[0, 55, 97], [1, 64, 67], [2, 54, 55], [3, 1, 3], [4, 57, 82], [5, 66, 67], [6, 19, 22]]"
130,varied,7,4180,earliest_start,4,4,1.0,True,"[0, 2, 3, 6]","[0, 2, 3, 6]","[[0, 55, 97], [1, 64, 67], [2, 54, 55], [3, 1, 3], [4, 57, 82], [5, 66, 67], [6, 19, 22]]"
130,varied,7,4180,shortest_duration,4,4,1.0,True,"[2, 3, 5, 6]","[0, 2, 3, 6]","[[0, 55, 97], [1, 64, 67], [2, 54, 55], [3, 1, 3], [4, 57, 82], [5, 66, 67], [6, 19, 22]]"
130,varied,7,4180,group_heuristic,4,4,1.0,True,"[1, 2, 3, 6]","[0, 2, 3, 6]","[[0, 55, 97], [1, 64, 67], [2, 54, 55], [3, 1, 3], [4, 57, 82], [5, 66, 67], [6, 19, 22]]"
131,varied,8,4181,earliest_finish,5,5,1.0,True,"[1, 2, 3, 4, 5]","[1, 2, 3, 4, 5]","[[0, 33, 88], [1, 66, 69], [2, 47, 50], [3, 50, 53], [4, 28, 29], [5, 7, 12], [6, 50, 53], [7, 11, 57]]"
131,varied,8,4181,earliest_start,3,5,0.6,False,"[0, 4, 5]","[1, 2, 3, 4, 5]","[[0, 33, 88], [1, 66, 69], [2, 47, 50], [3, 50, 53], [4, 28, 29], [5, 7, 12], [6, 50, 53], [7, 11, 57]]"
131,varied,8,4181,shortest_duration,5,5,1.0,True,"[1, 2, 3, 4, 5]","[1, 2, 3, 4, 5]","[[0, 33, 88], [1, 66, 69], [2, 47, 50], [3, 50, 53], [4, 28, 29], [5, 7, 12], [6, 50, 53], [7, 11, 57]]"
131,varied,8,4181,group_heuristic,5,5,1.0,True,"[1, 2, 3, 4, 5]","[1, 2, 3, 4, 5]","[[0, 33, 88], [1, 66, 69], [2, 47, 50], [3, 50, 53], [4, 28, 29], [5, 7, 12], [6, 50, 53], [7, 11, 57]]"
132,varied,9,4182,earliest_finish,7,7,1.0,True,"[0, 1, 2, 3, 4, 6, 8]","[0, 2, 3, 4, 5, 6, 8]","[[0, 60, 64], [1, 35, 40], [2, 82, 126], [3, 15, 19], [4, 5, 8], [5, 22, 57], [6, 76, 78], [7, 74, 125], [8, 71, 76]]"
132,varied,9,4182,earliest_start,7,7,1.0,True,"[0, 2, 3, 4, 5, 6, 8]","[0, 2, 3, 4, 5, 6, 8]","[[0, 60, 64], [1, 35, 40], [2, 82, 126], [3, 15, 19], [4, 5, 8], [5, 22, 57], [6, 76, 78], [7, 74, 125], [8, 71, 76]]"
132,varied,9,4182,shortest_duration,7,7,1.0,True,"[0, 1, 2, 3, 4, 6, 8]","[0, 2, 3, 4, 5, 6, 8]","[[0, 60, 64], [1, 35, 40], [2, 82, 126], [3, 15, 19], [4, 5, 8], [5, 22, 57], [6, 76, 78], [7, 74, 125], [8, 71, 76]]"
132,varied,9,4182,group_heuristic,7,7,1.0,True,"[0, 1, 2, 3, 4, 6, 8]","[0, 2, 3, 4, 5, 6, 8]","[[0, 60, 64], [1, 35, 40], [2, 82, 126], [3, 15, 19], [4, 5, 8], [5, 22, 57], [6, 76, 78], [7, 74, 125], [8, 71, 76]]"
133,varied,10,4183,earliest_finish,4,4,1.0,True,"[1, 3, 7, 9]","[1, 3, 6, 9]","[[0, 97, 102], [1, 8, 10], [2, 75, 111], [3, 30, 35], [4, 67, 113], [5, 16, 21], [6, 51, 105], [7, 56, 100], [8, 15, 18], [9, 13, 17]]"
133,varied,10,4183,earliest_start,4,4,1.0,True,"[1, 3, 6, 9]","[1, 3, 6, 9]","[[0, 97, 102], [1, 8, 10], [2, 75, 111], [3, 30, 35], [4, 67, 113], [5, 16, 21], [6, 51, 105], [7, 56, 100], [8, 15, 18], [9, 13, 17]]"
133,varied,10,4183,shortest_duration,4,4,1.0,True,"[0, 1, 3, 8]","[1, 3, 6, 9]","[[0, 97, 102], [1, 8, 10], [2, 75, 111], [3, 30, 35], [4, 67, 113], [5, 16, 21], [6, 51, 105], [7, 56, 100], [8, 15, 18], [9, 13, 17]]"
133,varied,10,4183,group_heuristic,4,4,1.0,True,"[1, 3, 7, 9]","[1, 3, 6, 9]","[[0, 97, 102], [1, 8, 10], [2, 75, 111], [3, 30, 35], [4, 67, 113], [5, 16, 21], [6, 51, 105], [7, 56, 100], [8, 15, 18], [9, 13, 17]]"
134,varied,11,4184,earliest_finish,6,6,1.0,True,"[3, 6, 7, 8, 9, 10]","[3, 6, 7, 8, 9, 10]","[[0, 81, 114], [1, 55, 58], [2, 72, 106], [3, 12, 14], [4, 50, 82], [5, 58, 63], [6, 57, 60], [7, 88, 92], [8, 94, 150], [9, 81, 85], [10, 52, 57]]"
134,varied,11,4184,earliest_start,4,6,0.6666666666666666,False,"[3, 4, 7, 8]","[3, 6, 7, 8, 9, 10]","[[0, 81, 114], [1, 55, 58], [2, 72, 106], [3, 12, 14], [4, 50, 82], [5, 58, 63], [6, 57, 60], [7, 88, 92], [8, 94, 150], [9, 81, 85], [10, 52, 57]]"
134,varied,11,4184,shortest_duration,6,6,1.0,True,"[1, 3, 5, 7, 8, 9]","[3, 6, 7, 8, 9, 10]","[[0, 81, 114], [1, 55, 58], [2, 72, 106], [3, 12, 14], [4, 50, 82], [5, 58, 63], [6, 57, 60], [7, 88, 92], [8, 94, 150], [9, 81, 85], [10, 52, 57]]"
134,varied,11,4184,group_heuristic,6,6,1.0,True,"[3, 5, 7, 8, 9, 10]","[3, 6, 7, 8, 9, 10]","[[0, 81, 114], [1, 55, 58], [2, 72, 106], [3, 12, 14], [4, 50, 82], [5, 58, 63], [6, 57, 60], [7, 88, 92], [8, 94, 150], [9, 81, 85], [10, 52, 57]]"
135,varied,12,4185,earliest_finish,10,10,1.0,True,"[0, 1, 3, 5, 6, 7, 8, 9, 10, 11]","[0, 1, 3, 5, 6, 7, 8, 9, 10, 11]","[[0, 78, 81], [1, 14, 18], [2, 78, 81], [3, 109, 112], [4, 51, 90], [5, 114, 115], [6, 21, 24], [7, 61, 64], [8, 27, 47], [9, 67, 70], [10, 100, 105], [11, 117, 121]]"
135,varied,12,4185,earliest_start,8,10,0.8,False,"[1, 3, 4, 5, 6, 8, 10, 11]","[0, 1, 3, 5, 6, 7, 8, 9, 10, 11]","[[0, 78, 81], [1, 14, 18], [2, 78, 81], [3, 109, 112], [4, 51, 90], [5, 114, 115], [6, 21, 24], [7, 61, 64], [8, 27, 47], [9, 67, 70], [10, 100, 105], [11, 117, 121]]"
135,varied,12,4185,shortest_duration,10,10,1.0,True,"[0, 1, 3, 5, 6, 7, 8, 9, 10, 11]","[0, 1, 3, 5, 6, 7, 8, 9, 10, 11]","[[0, 78, 81], [1, 14, 18], [2, 78, 81], [3, 109, 112], [4, 51, 90], [5, 114, 115], [6, 21, 24], [7, 61, 64], [8, 27, 47], [9, 67, 70], [10, 100, 105], [11, 117, 121]]"
135,varied,12,4185,group_heuristic,10,10,1.0,True,"[0, 1, 3, 5, 6, 7, 8, 9, 10, 11]","[0, 1, 3, 5, 6, 7, 8, 9, 10, 11]","[[0, 78, 81], [1, 14, 18], [2, 78, 81], [3, 109, 112], [4, 51, 90], [5, 114, 115], [6, 21, 24], [7, 61, 64], [8, 27, 47], [9, 67, 70], [10, 100, 105], [11, 117, 121]]"
136,varied,4,4186,earliest_finish,3,3,1.0,True,"[0, 1, 3]","[0, 1, 3]","[[0, 2, 7], [1, 18, 22], [2, 12, 57], [3, 35, 39]]"
136,varied,4,4186,earliest_start,2,3,0.6666666666666666,False,"[0, 2]","[0, 1, 3]","[[0, 2, 7], [1, 18, 22], [2, 12, 57], [3, 35, 39]]"
136,varied,4,4186,shortest_duration,3,3,1.0,True,"[0, 1, 3]","[0, 1, 3]","[[0, 2, 7], [1, 18, 22], [2, 12, 57], [3, 35, 39]]"
136,varied,4,4186,group_heuristic,3,3,1.0,True,"[0, 1, 3]","[0, 1, 3]","[[0, 2, 7], [1, 18, 22], [2, 12, 57], [3, 35, 39]]"
137,varied,5,4187,earliest_finish,2,2,1.0,True,"[0, 1]","[0, 4]","[[0, 4, 8], [1, 37, 41], [2, 11, 65], [3, 39, 44], [4, 9, 47]]"
137,varied,5,4187,earliest_start,2,2,1.0,True,"[0, 4]","[0, 4]","[[0, 4, 8], [1, 37, 41], [2, 11, 65], [3, 39, 44], [4, 9, 47]]"
137,varied,5,4187,shortest_duration,2,2,1.0,True,"[0, 1]","[0, 4]","[[0, 4, 8], [1, 37, 41], [2, 11, 65], [3, 39, 44], [4, 9, 47]]"
137,varied,5,4187,group_heuristic,2,2,1.0,True,"[0, 1]","[0, 4]","[[0, 4, 8], [1, 37, 41], [2, 11, 65], [3, 39, 44], [4, 9, 47]]"
138,varied,6,4188,earliest_finish,4,4,1.0,True,"[0, 1, 3, 5]","[0, 1, 3, 4]","[[0, 40, 45], [1, 45, 46], [2, 11, 54], [3, 3, 6], [4, 8, 33], [5, 23, 24]]"
138,varied,6,4188,earliest_start,4,4,1.0,True,"[0, 1, 3, 4]","[0, 1, 3, 4]","[[0, 40, 45], [1, 45, 46], [2, 11, 54], [3, 3, 6], [4, 8, 33], [5, 23, 24]]"
138,varied,6,4188,shortest_duration,4,4,1.0,True,"[0, 1, 3, 5]","[0, 1, 3, 4]","[[0, 40, 45], [1, 45, 46], [2, 11, 54], [3, 3, 6], [4, 8, 33], [5, 23, 24]]"
138,varied,6,4188,group_heuristic,4,4,1.0,True,"[0, 1, 3, 5]","[0, 1, 3, 4]","[[0, 40, 45], [1, 45, 46], [2, 11, 54], [3, 3, 6], [4, 8, 33], [5, 23, 24]]"
139,varied,7,4189,earliest_finish,4,4,1.0,True,"[0, 1, 3, 6]","[0, 1, 4, 6]","[[0, 64, 68], [1, 70, 120], [2, 5, 53], [3, 44, 45], [4, 43, 47], [5, 17, 73], [6, 47, 52]]"
139,varied,7,4189,earliest_start,3,4,0.75,False,"[0, 1, 2]","[0, 1, 4, 6]","[[0, 64, 68], [1, 70, 120], [2, 5, 53], [3, 44, 45], [4, 43, 47], [5, 17, 73], [6, 47, 52]]"
139,varied,7,4189,shortest_duration,4,4,1.0,True,"[0, 1, 3, 6]","[0, 1, 4, 6]","[[0, 64, 68], [1, 70, 120], [2, 5, 53], [3, 44, 45], [4, 43, 47], [5, 17, 73], [6, 47, 52]]"
139,varied,7,4189,group_heuristic,4,4,1.0,True,"[0, 1, 3, 6]","[0, 1, 4, 6]","[[0, 64, 68], [1, 70, 120], [2, 5, 53], [3, 44, 45], [4, 43, 47], [5, 17, 73], [6, 47, 52]]"
140,varied,8,4190,earliest_finish,5,5,1.0,True,"[1, 3, 4, 5, 7]","[0, 1, 3, 4, 5]","[[0, 66, 68], [1, 24, 28], [2, 42, 69], [3, 3, 6], [4, 17, 20], [5, 51, 55], [6, 8, 67], [7, 66, 67]]"
140,varied,8,4190,earliest_start,2,5,0.4,False,"[3, 6]","[0, 1, 3, 4, 5]","[[0, 66, 68], [1, 24, 28], [2, 42, 69], [3, 3, 6], [4, 17, 20], [5, 51, 55], [6, 8, 67], [7, 66, 67]]"
140,varied,8,4190,shortest_duration,5,5,1.0,True,"[1, 3, 4, 5, 7]","[0, 1, 3, 4, 5]","[[0, 66, 68], [1, 24, 28], [2, 42, 69], [3, 3, 6], [4, 17, 20], [5, 51, 55], [6, 8, 67], [7, 66, 67]]"
140,varied,8,4190,group_heuristic,5,5,1.0,True,"[1, 3, 4, 5, 7]","[0, 1, 3, 4, 5]","[[0, 66, 68], [1, 24, 28], [2, 42, 69], [3, 3, 6], [4, 17, 20], [5, 51, 55], [6, 8, 67], [7, 66, 67]]"
141,varied,9,4191,earliest_finish,5,5,1.0,True,"[0, 1, 5, 7, 8]","[0, 1, 2, 5, 6]","[[0, 3, 6], [1, 37, 39], [2, 67, 71], [3, 32, 84], [4, 49, 105], [5, 81, 85], [6, 29, 34], [7, 30, 31], [8, 67, 68]]"
141,varied,9,4191,earliest_start,4,5,0.8,False,"[0, 1, 4, 6]","[0, 1, 2, 5, 6]","[[0, 3, 6], [1, 37, 39], [2, 67, 71], [3, 32, 84], [4, 49, 105], [5, 81, 85], [6, 29, 34], [7, 30, 31], [8, 67, 68]]"
141,varied,9,4191,shortest_duration,5,5,1.0,True,"[0, 1, 5, 7, 8]","[0, 1, 2, 5, 6]","[[0, 3, 6], [1, 37, 39], [2, 67, 71], [3, 32, 84], [4, 49, 105], [5, 81, 85], [6, 29, 34], [7, 30, 31], [8, 67, 68]]"
141,varied,9,4191,group_heuristic,5,5,1.0,True,"[0, 1, 5, 7, 8]","[0, 1, 2, 5, 6]","[[0, 3, 6], [1, 37, 39], [2, 67, 71], [3, 32, 84], [4, 49, 105], [5, 81, 85], [6, 29, 34], [7, 30, 31], [8, 67, 68]]"
142,varied,10,4192,earliest_finish,6,6,1.0,True,"[0, 2, 5, 6, 7, 8]","[0, 1, 2, 5, 7, 8]","[[0, 83, 86], [1, 31, 33], [2, 11, 15], [3, 14, 19], [4, 66, 114], [5, 68, 69], [6, 31, 32], [7, 7, 8], [8, 58, 61], [9, 47, 73]]"
142,varied,10,4192,earliest_start,5,6,0.8333333333333334,False,"[0, 1, 2, 7, 9]","[0, 1, 2, 5, 7, 8]","[[0, 83, 86], [1, 31, 33], [2, 11, 15], [3, 14, 19], [4, 66, 114], [5, 68, 69], [6, 31, 32], [7, 7, 8], [8, 58, 61], [9, 47, 73]]"
142,varied,10,4192,shortest_duration,6,6,1.0,True,"[0, 2, 5, 6, 7, 8]","[0, 1, 2, 5, 7, 8]","[[0, 83, 86], [1, 31, 33], [2, 11, 15], [3, 14, 19], [4, 66, 114], [5, 68, 69], [6, 31, 32], [7, 7, 8], [8, 58, 61], [9, 47, 73]]"
142,varied,10,4192,group_heuristic,6,6,1.0,True,"[0, 2, 5, 6, 7, 8]","[0, 1, 2, 5, 7, 8]","[[0, 83, 86], [1, 31, 33], [2, 11, 15], [3, 14, 19], [4, 66, 114], [5, 68, 69], [6, 31, 32], [7, 7, 8], [8, 58, 61], [9, 47, 73]]"
143,varied,11,4193,earliest_finish,7,7,1.0,True,"[0, 1, 2, 4, 5, 6, 7]","[0, 1, 2, 4, 5, 6, 7]","[[0, 26, 29], [1, 22, 23], [2, 61, 64], [3, 6, 41], [4, 72, 112], [5, 29, 31], [6, 14, 18], [7, 40, 42], [8, 90, 137], [9, 81, 127], [10, 85, 120]]"
143,varied,11,4193,earliest_start,3,7,0.42857142857142855,False,"[2, 3, 4]","[0, 1, 2, 4, 5, 6, 7]","[[0, 26, 29], [1, 22, 23], [2, 61, 64], [3, 6, 41], [4, 72, 112], [5, 29, 31], [6, 14, 18], [7, 40, 42], [8, 90, 137], [9, 81, 127], [10, 85, 120]]"
143,varied,11,4193,shortest_duration,7,7,1.0,True,"[0, 1, 2, 5, 6, 7, 10]","[0, 1, 2, 4, 5, 6, 7]","[[0, 26, 29], [1, 22, 23], [2, 61, 64], [3, 6, 41], [4, 72, 112], [5, 29, 31], [6, 14, 18], [7, 40, 42], [8, 90, 137], [9, 81, 127], [10, 85, 120]]"
143,varied,11,4193,group_heuristic,7,7,1.0,True,"[0, 1, 2, 4, 5, 6, 7]","[0, 1, 2, 4, 5, 6, 7]","[[0, 26, 29], [1, 22, 23], [2, 61, 64], [3, 6, 41], [4, 72, 112], [5, 29, 31], [6, 14, 18], [7, 40, 42], [8, 90, 137], [9, 81, 127], [10, 85, 120]]"
144,varied,12,4194,earliest_finish,9,9,1.0,True,"[0, 1, 2, 3, 4, 6, 7, 10, 11]","[0, 1, 2, 3, 4, 6, 7, 10, 11]","[[0, 17, 22], [1, 51, 56], [2, 36, 41], [3, 5, 7], [4, 82, 87], [5, 8, 58], [6, 100, 104], [7, 22, 23], [8, 11, 49], [9, 52, 56], [10, 58, 59], [11, 98, 99]]"
144,varied,12,4194,earliest_start,6,9,0.6666666666666666,False,"[3, 4, 5, 6, 10, 11]","[0, 1, 2, 3, 4, 6, 7, 10, 11]","[[0, 17, 22], [1, 51, 56], [2, 36, 41], [3, 5, 7], [4, 82, 87], [5, 8, 58], [6, 100, 104], [7, 22, 23], [8, 11, 49], [9, 52, 56], [10, 58, 59], [11, 98, 99]]"
144,varied,12,4194,shortest_duration,9,9,1.0,True,"[0, 2, 3, 4, 6, 7, 9, 10, 11]","[0, 1, 2, 3, 4, 6, 7, 10, 11]","[[0, 17, 22], [1, 51, 56], [2, 36, 41], [3, 5, 7], [4, 82, 87], [5, 8, 58], [6, 100, 104], [7, 22, 23], [8, 11, 49], [9, 52, 56], [10, 58, 59], [11, 98, 99]]"
144,varied,12,4194,group_heuristic,9,9,1.0,True,"[0, 1, 2, 3, 4, 6, 7, 10, 11]","[0, 1, 2, 3, 4, 6, 7, 10, 11]","[[0, 17, 22], [1, 51, 56], [2, 36, 41], [3, 5, 7], [4, 82, 87], [5, 8, 58], [6, 100, 104], [7, 22, 23], [8, 11, 49], [9, 52, 56], [10, 58, 59], [11, 98, 99]]"
145,varied,4,4195,earliest_finish,4,4,1.0,True,"[0, 1, 2, 3]","[0, 1, 2, 3]","[[0, 9, 11], [1, 13, 15], [2, 38, 39], [3, 34, 38]]"
145,varied,4,4195,earliest_start,4,4,1.0,True,"[0, 1, 2, 3]","[0, 1, 2, 3]","[[0, 9, 11], [1, 13, 15], [2, 38, 39], [3, 34, 38]]"
145,varied,4,4195,shortest_duration,4,4,1.0,True,"[0, 1, 2, 3]","[0, 1, 2, 3]","[[0, 9, 11], [1, 13, 15], [2, 38, 39], [3, 34, 38]]"
145,varied,4,4195,group_heuristic,4,4,1.0,True,"[0, 1, 2, 3]","[0, 1, 2, 3]","[[0, 9, 11], [1, 13, 15], [2, 38, 39], [3, 34, 38]]"
146,varied,5,4196,earliest_finish,3,3,1.0,True,"[0, 3, 4]","[0, 2, 4]","[[0, 1, 3], [1, 42, 97], [2, 31, 90], [3, 48, 52], [4, 20, 25]]"
146,varied,5,4196,earliest_start,3,3,1.0,True,"[0, 2, 4]","[0, 2, 4]","[[0, 1, 3], [1, 42, 97], [2, 31, 90], [3, 48, 52], [4, 20, 25]]"
146,varied,5,4196,shortest_duration,3,3,1.0,True,"[0, 3, 4]","[0, 2, 4]","[[0, 1, 3], [1, 42, 97], [2, 31, 90], [3, 48, 52], [4, 20, 25]]"
146,varied,5,4196,group_heuristic,3,3,1.0,True,"[0, 3, 4]","[0, 2, 4]","[[0, 1, 3], [1, 42, 97], [2, 31, 90], [3, 48, 52], [4, 20, 25]]"
147,varied,6,4197,earliest_finish,3,3,1.0,True,"[0, 1, 2]","[0, 2, 5]","[[0, 18, 20], [1, 41, 42], [2, 33, 36], [3, 23, 58], [4, 35, 57], [5, 39, 97]]"
147,varied,6,4197,earliest_start,2,3,0.6666666666666666,False,"[0, 3]","[0, 2, 5]","[[0, 18, 20], [1, 41, 42], [2, 33, 36], [3, 23, 58], [4, 35, 57], [5, 39, 97]]"
147,varied,6,4197,shortest_duration,3,3,1.0,True,"[0, 1, 2]","[0, 2, 5]","[[0, 18, 20], [1, 41, 42], [2, 33, 36], [3, 23, 58], [4, 35, 57], [5, 39, 97]]"
147,varied,6,4197,group_heuristic,3,3,1.0,True,"[0, 1, 2]","[0, 2, 5]","[[0, 18, 20], [1, 41, 42], [2, 33, 36], [3, 23, 58], [4, 35, 57], [5, 39, 97]]"
148,varied,7,4198,earliest_finish,5,5,1.0,True,"[1, 2, 4, 5, 6]","[1, 2, 4, 5, 6]","[[0, 61, 64], [1, 60, 62], [2, 29, 34], [3, 53, 95], [4, 38, 41], [5, 16, 21], [6, 50, 54]]"
148,varied,7,4198,earliest_start,5,5,1.0,True,"[1, 2, 4, 5, 6]","[1, 2, 4, 5, 6]","[[0, 61, 64], [1, 60, 62], [2, 29, 34], [3, 53, 95], [4, 38, 41], [5, 16, 21], [6, 50, 54]]"
148,varied,7,4198,shortest_duration,5,5,1.0,True,"[1, 2, 4, 5, 6]","[1, 2, 4, 5, 6]","[[0, 61, 64], [1, 60, 62], [2, 29, 34], [3, 53, 95], [4, 38, 41], [5, 16, 21], [6, 50, 54]]"
148,varied,7,4198,group_heuristic,5,5,1.0,True,"[1, 2, 4, 5, 6]","[1, 2, 4, 5, 6]","[[0, 61, 64], [1, 60, 62], [2, 29, 34], [3, 53, 95], [4, 38, 41], [5, 16, 21], [6, 50, 54]]"
149,varied,8,4199,earliest_finish,5,5,1.0,True,"[0, 3, 4, 5, 7]","[0, 3, 4, 5, 7]","[[0, 71, 122], [1, 63, 116], [2, 49, 90], [3, 35, 36], [4, 56, 61], [5, 68, 69], [6, 5, 37], [7, 8, 10]]"
149,varied,8,4199,earliest_start,2,5,0.4,False,"[2, 6]","[0, 3, 4, 5, 7]","[[0, 71, 122], [1, 63, 116], [2, 49, 90], [3, 35, 36], [4, 56, 61], [5, 68, 69], [6, 5, 37], [7, 8, 10]]"
149,varied,8,4199,shortest_duration,5,5,1.0,True,"[0, 3, 4, 5, 7]","[0, 3, 4, 5, 7]","[[0, 71, 122], [1, 63, 116], [2, 49, 90], [3, 35, 36], [4, 56, 61], [5, 68, 69], [6, 5, 37], [7, 8, 10]]"
149,varied,8,4199,group_heuristic,5,5,1.0,True,"[0, 3, 4, 5, 7]","[0, 3, 4, 5, 7]","[[0, 71, 122], [1, 63, 116], [2, 49, 90], [3, 35, 36], [4, 56, 61], [5, 68, 69], [6, 5, 37], [7, 8, 10]]"
150,clustered,4,4200,earliest_finish,2,2,1.0,True,"[0, 1]","[0, 1]","[[0, 12, 17], [1, 40, 44], [2, 14, 17], [3, 16, 19]]"
150,clustered,4,4200,earliest_start,2,2,1.0,True,"[0, 1]","[0, 1]","[[0, 12, 17], [1, 40, 44], [2, 14, 17], [3, 16, 19]]"
150,clustered,4,4200,shortest_duration,2,2,1.0,True,"[1, 2]","[0, 1]","[[0, 12, 17], [1, 40, 44], [2, 14, 17], [3, 16, 19]]"
150,clustered,4,4200,group_heuristic,2,2,1.0,True,"[0, 1]","[0, 1]","[[0, 12, 17], [1, 40, 44], [2, 14, 17], [3, 16, 19]]"
151,clustered,5,4201,earliest_finish,4,4,1.0,True,"[0, 1, 2, 4]","[0, 1, 2, 4]","[[0, 33, 36], [1, 46, 52], [2, 36, 37], [3, 49, 55], [4, 32, 33]]"
151,clustered,5,4201,earliest_start,4,4,1.0,True,"[0, 1, 2, 4]","[0, 1, 2, 4]","[[0, 33, 36], [1, 46, 52], [2, 36, 37], [3, 49, 55], [4, 32, 33]]"
151,clustered,5,4201,shortest_duration,4,4,1.0,True,"[0, 1, 2, 4]","[0, 1, 2, 4]","[[0, 33, 36], [1, 46, 52], [2, 36, 37], [3, 49, 55], [4, 32, 33]]"
151,clustered,5,4201,group_heuristic,4,4,1.0,True,"[0, 1, 2, 4]","[0, 1, 2, 4]","[[0, 33, 36], [1, 46, 52], [2, 36, 37], [3, 49, 55], [4, 32, 33]]"
152,clustered,6,4202,earliest_finish,3,3,1.0,True,"[0, 1, 2]","[0, 1, 4]","[[0, 45, 51], [1, 59, 64], [2, 56, 59], [3, 56, 62], [4, 54, 59], [5, 58, 64]]"
152,clustered,6,4202,earliest_start,3,3,1.0,True,"[0, 1, 4]","[0, 1, 4]","[[0, 45, 51], [1, 59, 64], [2, 56, 59], [3, 56, 62], [4, 54, 59], [5, 58, 64]]"
152,clustered,6,4202,shortest_duration,3,3,1.0,True,"[0, 1, 2]","[0, 1, 4]","[[0, 45, 51], [1, 59, 64], [2, 56, 59], [3, 56, 62], [4, 54, 59], [5, 58, 64]]"
152,clustered,6,4202,group_heuristic,3,3,1.0,True,"[0, 1, 2]","[0, 1, 4]","[[0, 45, 51], [1, 59, 64], [2, 56, 59], [3, 56, 62], [4, 54, 59], [5, 58, 64]]"
153,clustered,7,4203,earliest_finish,3,3,1.0,True,"[0, 1, 3]","[0, 1, 3]","[[0, 27, 31], [1, 60, 61], [2, 30, 34], [3, 65, 70], [4, 27, 31], [5, 29, 32], [6, 30, 31]]"
153,clustered,7,4203,earliest_start,3,3,1.0,True,"[0, 1, 3]","[0, 1, 3]","[[0, 27, 31], [1, 60, 61], [2, 30, 34], [3, 65, 70], [4, 27, 31], [5, 29, 32], [6, 30, 31]]"
153,clustered,7,4203,shortest_duration,3,3,1.0,True,"[1, 3, 6]","[0, 1, 3]","[[0, 27, 31], [1, 60, 61], [2, 30, 34], [3, 65, 70], [4, 27, 31], [5, 29, 32], [6, 30, 31]]"
153,clustered,7,4203,group_heuristic,3,3,1.0,True,"[0, 1, 3]","[0, 1, 3]","[[0, 27, 31], [1, 60, 61], [2, 30, 34], [3, 65, 70], [4, 27, 31], [5, 29, 32], [6, 30, 31]]"
154,clustered,8,4204,earliest_finish,4,4,1.0,True,"[0, 1, 4, 7]","[0, 1, 4, 7]","[[0, 73, 76], [1, 57, 59], [2, 74, 78], [3, 55, 60], [4, 76, 80], [5, 77, 82], [6, 73, 79], [7, 55, 57]]"
154,clustered,8,4204,earliest_start,3,4,0.75,False,"[0, 3, 4]","[0, 1, 4, 7]","[[0, 73, 76], [1, 57, 59], [2, 74, 78], [3, 55, 60], [4, 76, 80], [5, 77, 82], [6, 73, 79], [7, 55, 57]]"
154,clustered,8,4204,shortest_duration,4,4,1.0,True,"[0, 1, 4, 7]","[0, 1, 4, 7]","[[0, 73, 76], [1, 57, 59], [2, 74, 78], [3, 55, 60], [4, 76, 80], [5, 77, 82], [6, 73, 79], [7, 55, 57]]"
154,clustered,8,4204,group_heuristic,4,4,1.0,True,"[0, 1, 4, 7]","[0, 1, 4, 7]","[[0, 73, 76], [1, 57, 59], [2, 74, 78], [3, 55, 60], [4, 76, 80], [5, 77, 82], [6, 73, 79], [7, 55, 57]]"
155,clustered,9,4205,earliest_finish,3,3,1.0,True,"[2, 5, 6]","[1, 2, 5]","[[0, 17, 21], [1, 23, 27], [2, 15, 19], [3, 28, 33], [4, 24, 28], [5, 27, 30], [6, 25, 26], [7, 16, 22], [8, 27, 31]]"
155,clustered,9,4205,earliest_start,3,3,1.0,True,"[1, 2, 5]","[1, 2, 5]","[[0, 17, 21], [1, 23, 27], [2, 15, 19], [3, 28, 33], [4, 24, 28], [5, 27, 30], [6, 25, 26], [7, 16, 22], [8, 27, 31]]"
155,clustered,9,4205,shortest_duration,3,3,1.0,True,"[0, 5, 6]","[1, 2, 5]","[[0, 17, 21], [1, 23, 27], [2, 15, 19], [3, 28, 33], [4, 24, 28], [5, 27, 30], [6, 25, 26], [7, 16, 22], [8, 27, 31]]"
155,clustered,9,4205,group_heuristic,3,3,1.0,True,"[2, 3, 6]","[1, 2, 5]","[[0, 17, 21], [1, 23, 27], [2, 15, 19], [3, 28, 33], [4, 24, 28], [5, 27, 30], [6, 25, 26], [7, 16, 22], [8, 27, 31]]"
156,clustered,10,4206,earliest_finish,5,5,1.0,True,"[0, 3, 4, 7, 9]","[0, 3, 7, 8, 9]","[[0, 41, 46], [1, 41, 47], [2, 23, 27], [3, 26, 27], [4, 38, 39], [5, 26, 30], [6, 25, 28], [7, 24, 26], [8, 37, 39], [9, 27, 31]]"
156,clustered,10,4206,earliest_start,4,5,0.8,False,"[0, 2, 8, 9]","[0, 3, 7, 8, 9]","[[0, 41, 46], [1, 41, 47], [2, 23, 27], [3, 26, 27], [4, 38, 39], [5, 26, 30], [6, 25, 28], [7, 24, 26], [8, 37, 39], [9, 27, 31]]"
156,clustered,10,4206,shortest_duration,5,5,1.0,True,"[0, 3, 4, 7, 9]","[0, 3, 7, 8, 9]","[[0, 41, 46], [1, 41, 47], [2, 23, 27], [3, 26, 27], [4, 38, 39], [5, 26, 30], [6, 25, 28], [7, 24, 26], [8, 37, 39], [9, 27, 31]]"
156,clustered,10,4206,group_heuristic,5,5,1.0,True,"[0, 3, 4, 7, 9]","[0, 3, 7, 8, 9]","[[0, 41, 46], [1, 41, 47], [2, 23, 27], [3, 26, 27], [4, 38, 39], [5, 26, 30], [6, 25, 28], [7, 24, 26], [8, 37, 39], [9, 27, 31]]"
157,clustered,11,4207,earliest_finish,5,5,1.0,True,"[0, 1, 2, 5, 8]","[0, 2, 5, 6, 8]","[[0, 23, 25], [1, 33, 34], [2, 20, 22], [3, 24, 28], [4, 32, 36], [5, 25, 26], [6, 29, 34], [7, 21, 25], [8, 34, 40], [9, 25, 28], [10, 24, 28]]"
157,clustered,11,4207,earliest_start,5,5,1.0,True,"[0, 2, 5, 6, 8]","[0, 2, 5, 6, 8]","[[0, 23, 25], [1, 33, 34], [2, 20, 22], [3, 24, 28], [4, 32, 36], [5, 25, 26], [6, 29, 34], [7, 21, 25], [8, 34, 40], [9, 25, 28], [10, 24, 28]]"
157,clustered,11,4207,shortest_duration,5,5,1.0,True,"[0, 1, 2, 5, 8]","[0, 2, 5, 6, 8]","[[0, 23, 25], [1, 33, 34], [2, 20, 22], [3, 24, 28], [4, 32, 36], [5, 25, 26], [6, 29, 34], [7, 21, 25], [8, 34, 40], [9, 25, 28], [10, 24, 28]]"
157,clustered,11,4207,group_heuristic,5,5,1.0,True,"[0, 1, 2, 5, 8]","[0, 2, 5, 6, 8]","[[0, 23, 25], [1, 33, 34], [2, 20, 22], [3, 24, 28], [4, 32, 36], [5, 25, 26], [6, 29, 34], [7, 21, 25], [8, 34, 40], [9, 25, 28], [10, 24, 28]]"
158,clustered,12,4208,earliest_finish,3,3,1.0,True,"[2, 4, 8]","[1, 3, 11]","[[0, 91, 95], [1, 90, 96], [2, 89, 92], [3, 57, 63], [4, 60, 62], [5, 88, 91], [6, 91, 95], [7, 90, 96], [8, 88, 89], [9, 60, 63], [10, 57, 63], [11, 86, 90]]"
158,clustered,12,4208,earliest_start,3,3,1.0,True,"[1, 3, 11]","[1, 3, 11]","[[0, 91, 95], [1, 90, 96], [2, 89, 92], [3, 57, 63], [4, 60, 62], [5, 88, 91], [6, 91, 95], [7, 90, 96], [8, 88, 89], [9, 60, 63], [10, 57, 63], [11, 86, 90]]"
158,clustered,12,4208,shortest_duration,3,3,1.0,True,"[2, 4, 8]","[1, 3, 11]","[[0, 91, 95], [1, 90, 96], [2, 89, 92], [3, 57, 63], [4, 60, 62], [5, 88, 91], [6, 91, 95], [7, 90, 96], [8, 88, 89], [9, 60, 63], [10, 57, 63], [11, 86, 90]]"
158,clustered,12,4208,group_heuristic,3,3,1.0,True,"[0, 4, 8]","[1, 3, 11]","[[0, 91, 95], [1, 90, 96], [2, 89, 92], [3, 57, 63], [4, 60, 62], [5, 88, 91], [6, 91, 95], [7, 90, 96], [8, 88, 89], [9, 60, 63], [10, 57, 63], [11, 86, 90]]"
159,clustered,4,4209,earliest_finish,3,3,1.0,True,"[0, 1, 2]","[0, 1, 2]","[[0, 24, 25], [1, 6, 8], [2, 1, 6], [3, 3, 9]]"
159,clustered,4,4209,earliest_start,3,3,1.0,True,"[0, 1, 2]","[0, 1, 2]","[[0, 24, 25], [1, 6, 8], [2, 1, 6], [3, 3, 9]]"
159,clustered,4,4209,shortest_duration,3,3,1.0,True,"[0, 1, 2]","[0, 1, 2]","[[0, 24, 25], [1, 6, 8], [2, 1, 6], [3, 3, 9]]"
159,clustered,4,4209,group_heuristic,3,3,1.0,True,"[0, 1, 2]","[0, 1, 2]","[[0, 24, 25], [1, 6, 8], [2, 1, 6], [3, 3, 9]]"
160,clustered,5,4210,earliest_finish,4,4,1.0,True,"[1, 2, 3, 4]","[0, 1, 3, 4]","[[0, 52, 56], [1, 49, 52], [2, 54, 55], [3, 16, 22], [4, 15, 16]]"
160,clustered,5,4210,earliest_start,4,4,1.0,True,"[0, 1, 3, 4]","[0, 1, 3, 4]","[[0, 52, 56], [1, 49, 52], [2, 54, 55], [3, 16, 22], [4, 15, 16]]"
160,clustered,5,4210,shortest_duration,4,4,1.0,True,"[1, 2, 3, 4]","[0, 1, 3, 4]","[[0, 52, 56], [1, 49, 52], [2, 54, 55], [3, 16, 22], [4, 15, 16]]"
160,clustered,5,4210,group_heuristic,4,4,1.0,True,"[1, 2, 3, 4]","[0, 1, 3, 4]","[[0, 52, 56], [1, 49, 52], [2, 54, 55], [3, 16, 22], [4, 15, 16]]"
161,clustered,6,4211,earliest_finish,3,3,1.0,True,"[2, 3, 4]","[0, 2, 4]","[[0, 3, 9], [1, 7, 11], [2, 29, 31], [3, 5, 8], [4, 32, 37], [5, 32, 38]]"
161,clustered,6,4211,earliest_start,3,3,1.0,True,"[0, 2, 4]","[0, 2, 4]","[[0, 3, 9], [1, 7, 11], [2, 29, 31], [3, 5, 8], [4, 32, 37], [5, 32, 38]]"
161,clustered,6,4211,shortest_duration,3,3,1.0,True,"[2, 3, 4]","[0, 2, 4]","[[0, 3, 9], [1, 7, 11], [2, 29, 31], [3, 5, 8], [4, 32, 37], [5, 32, 38]]"
161,clustered,6,4211,group_heuristic,3,3,1.0,True,"[2, 3, 4]","[0, 2, 4]","[[0, 3, 9], [1, 7, 11], [2, 29, 31], [3, 5, 8], [4, 32, 37], [5, 32, 38]]"
162,clustered,7,4212,earliest_finish,3,3,1.0,True,"[1, 2, 4]","[2, 5, 6]","[[0, 56, 62], [1, 63, 64], [2, 54, 58], [3, 62, 68], [4, 53, 54], [5, 60, 64], [6, 52, 54]]"
162,clustered,7,4212,earliest_start,3,3,1.0,True,"[2, 5, 6]","[2, 5, 6]","[[0, 56, 62], [1, 63, 64], [2, 54, 58], [3, 62, 68], [4, 53, 54], [5, 60, 64], [6, 52, 54]]"
162,clustered,7,4212,shortest_duration,3,3,1.0,True,"[1, 2, 4]","[2, 5, 6]","[[0, 56, 62], [1, 63, 64], [2, 54, 58], [3, 62, 68], [4, 53, 54], [5, 60, 64], [6, 52, 54]]"
162,clustered,7,4212,group_heuristic,3,3,1.0,True,"[1, 2, 4]","[2, 5, 6]","[[0, 56, 62], [1, 63, 64], [2, 54, 58], [3, 62, 68], [4, 53, 54], [5, 60, 64], [6, 52, 54]]"
163,clustered,8,4213,earliest_finish,5,5,1.0,True,"[0, 1, 2, 5, 7]","[0, 1, 2, 3, 5]","[[0, 82, 83], [1, 61, 63], [2, 78, 80], [3, 64, 68], [4, 80, 86], [5, 80, 81], [6, 62, 63], [7, 64, 67]]"
163,clustered,8,4213,earliest_start,4,5,0.8,False,"[1, 2, 3, 4]","[0, 1, 2, 3, 5]","[[0, 82, 83], [1, 61, 63], [2, 78, 80], [3, 64, 68], [4, 80, 86], [5, 80, 81], [6, 62, 63], [7, 64, 67]]"
163,clustered,8,4213,shortest_duration,5,5,1.0,True,"[0, 2, 5, 6, 7]","[0, 1, 2, 3, 5]","[[0, 82, 83], [1, 61, 63], [2, 78, 80], [3, 64, 68], [4, 80, 86], [5, 80, 81], [6, 62, 63], [7, 64, 67]]"
163,clustered,8,4213,group_heuristic,5,5,1.0,True,"[0, 1, 2, 5, 7]","[0, 1, 2, 3, 5]","[[0, 82, 83], [1, 61, 63], [2, 78, 80], [3, 64, 68], [4, 80, 86], [5, 80, 81], [6, 62, 63], [7, 64, 67]]"
164,clustered,9,4214,earliest_finish,3,3,1.0,True,"[3, 7, 8]","[1, 3, 7]","[[0, 90, 95], [1, 3, 9], [2, 90, 95], [3, 94, 95], [4, 92, 95], [5, 93, 99], [6, 94, 95], [7, 90, 94], [8, 4, 7]]"
164,clustered,9,4214,earliest_start,2,3,0.6666666666666666,False,"[0, 1]","[1, 3, 7]","[[0, 90, 95], [1, 3, 9], [2, 90, 95], [3, 94, 95], [4, 92, 95], [5, 93, 99], [6, 94, 95], [7, 90, 94], [8, 4, 7]]"
164,clustered,9,4214,shortest_duration,3,3,1.0,True,"[3, 7, 8]","[1, 3, 7]","[[0, 90, 95], [1, 3, 9], [2, 90, 95], [3, 94, 95], [4, 92, 95], [5, 93, 99], [6, 94, 95], [7, 90, 94], [8, 4, 7]]"
164,clustered,9,4214,group_heuristic,3,3,1.0,True,"[3, 7, 8]","[1, 3, 7]","[[0, 90, 95], [1, 3, 9], [2, 90, 95], [3, 94, 95], [4, 92, 95], [5, 93, 99], [6, 94, 95], [7, 90, 94], [8, 4, 7]]"
165,clustered,10,4215,earliest_finish,3,3,1.0,True,"[3, 6, 8]","[2, 6, 8]","[[0, 75, 79], [1, 74, 80], [2, 73, 77], [3, 73, 76], [4, 76, 81], [5, 74, 78], [6, 81, 83], [7, 82, 88], [8, 77, 79], [9, 75, 79]]"
165,clustered,10,4215,earliest_start,3,3,1.0,True,"[2, 6, 8]","[2, 6, 8]","[[0, 75, 79], [1, 74, 80], [2, 73, 77], [3, 73, 76], [4, 76, 81], [5, 74, 78], [6, 81, 83], [7, 82, 88], [8, 77, 79], [9, 75, 79]]"
165,clustered,10,4215,shortest_duration,3,3,1.0,True,"[3, 6, 8]","[2, 6, 8]","[[0, 75, 79], [1, 74, 80], [2, 73, 77], [3, 73, 76], [4, 76, 81], [5, 74, 78], [6, 81, 83], [7, 82, 88], [8, 77, 79], [9, 75, 79]]"
165,clustered,10,4215,group_heuristic,3,3,1.0,True,"[3, 6, 8]","[2, 6, 8]","[[0, 75, 79], [1, 74, 80], [2, 73, 77], [3, 73, 76], [4, 76, 81], [5, 74, 78], [6, 81, 83], [7, 82, 88], [8, 77, 79], [9, 75, 79]]"
166,clustered,11,4216,earliest_finish,5,5,1.0,True,"[1, 2, 6, 7, 10]","[1, 2, 6, 7, 10]","[[0, 72, 75], [1, 101, 103], [2, 76, 79], [3, 75, 80], [4, 73, 77], [5, 101, 107], [6, 74, 76], [7, 71, 72], [8, 74, 77], [9, 74, 77], [10, 72, 74]]"
166,clustered,11,4216,earliest_start,4,5,0.8,False,"[0, 1, 3, 7]","[1, 2, 6, 7, 10]","[[0, 72, 75], [1, 101, 103], [2, 76, 79], [3, 75, 80], [4, 73, 77], [5, 101, 107], [6, 74, 76], [7, 71, 72], [8, 74, 77], [9, 74, 77], [10, 72, 74]]"
166,clustered,11,4216,shortest_duration,5,5,1.0,True,"[1, 2, 6, 7, 10]","[1, 2, 6, 7, 10]","[[0, 72, 75], [1, 101, 103], [2, 76, 79], [3, 75, 80], [4, 73, 77], [5, 101, 107], [6, 74, 76], [7, 71, 72], [8, 74, 77], [9, 74, 77], [10, 72, 74]]"
166,clustered,11,4216,group_heuristic,5,5,1.0,True,"[1, 2, 6, 7, 10]","[1, 2, 6, 7, 10]","[[0, 72, 75], [1, 101, 103], [2, 76, 79], [3, 75, 80], [4, 73, 77], [5, 101, 107], [6, 74, 76], [7, 71, 72], [8, 74, 77], [9, 74, 77], [10, 72, 74]]"
167,clustered,12,4217,earliest_finish,6,6,1.0,True,"[0, 1, 2, 8, 10, 11]","[0, 1, 5, 8, 9, 10]","[[0, 120, 123], [1, 29, 31], [2, 125, 128], [3, 30, 31], [4, 125, 129], [5, 31, 37], [6, 31, 36], [7, 120, 126], [8, 46, 51], [9, 124, 129], [10, 43, 46], [11, 31, 33]]"
167,clustered,12,4217,earliest_start,6,6,1.0,True,"[0, 1, 5, 8, 9, 10]","[0, 1, 5, 8, 9, 10]","[[0, 120, 123], [1, 29, 31], [2, 125, 128], [3, 30, 31], [4, 125, 129], [5, 31, 37], [6, 31, 36], [7, 120, 126], [8, 46, 51], [9, 124, 129], [10, 43, 46], [11, 31, 33]]"
167,clustered,12,4217,shortest_duration,6,6,1.0,True,"[0, 2, 3, 8, 10, 11]","[0, 1, 5, 8, 9, 10]","[[0, 120, 123], [1, 29, 31], [2, 125, 128], [3, 30, 31], [4, 125, 129], [5, 31, 37], [6, 31, 36], [7, 120, 126], [8, 46, 51], [9, 124, 129], [10, 43, 46], [11, 31, 33]]"
167,clustered,12,4217,group_heuristic,6,6,1.0,True,"[0, 1, 2, 8, 10, 11]","[0, 1, 5, 8, 9, 10]","[[0, 120, 123], [1, 29, 31], [2, 125, 128], [3, 30, 31], [4, 125, 129], [5, 31, 37], [6, 31, 36], [7, 120, 126], [8, 46, 51], [9, 124, 129], [10, 43, 46], [11, 31, 33]]"
168,clustered,4,4218,earliest_finish,2,2,1.0,True,"[0, 1]","[0, 2]","[[0, 11, 16], [1, 44, 45], [2, 42, 46], [3, 42, 47]]"
168,clustered,4,4218,earliest_start,2,2,1.0,True,"[0, 2]","[0, 2]","[[0, 11, 16], [1, 44, 45], [2, 42, 46], [3, 42, 47]]"
168,clustered,4,4218,shortest_duration,2,2,1.0,True,"[0, 1]","[0, 2]","[[0, 11, 16], [1, 44, 45], [2, 42, 46], [3, 42, 47]]"
168,clustered,4,4218,group_heuristic,2,2,1.0,True,"[0, 1]","[0, 2]","[[0, 11, 16], [1, 44, 45], [2, 42, 46], [3, 42, 47]]"
169,clustered,5,4219,earliest_finish,3,3,1.0,True,"[1, 2, 4]","[0, 1, 2]","[[0, 7, 11], [1, 3, 4], [2, 11, 12], [3, 11, 17], [4, 7, 9]]"
169,clustered,5,4219,earliest_start,3,3,1.0,True,"[0, 1, 2]","[0, 1, 2]","[[0, 7, 11], [1, 3, 4], [2, 11, 12], [3, 11, 17], [4, 7, 9]]"
169,clustered,5,4219,shortest_duration,3,3,1.0,True,"[1, 2, 4]","[0, 1, 2]","[[0, 7, 11], [1, 3, 4], [2, 11, 12], [3, 11, 17], [4, 7, 9]]"
169,clustered,5,4219,group_heuristic,3,3,1.0,True,"[1, 2, 4]","[0, 1, 2]","[[0, 7, 11], [1, 3, 4], [2, 11, 12], [3, 11, 17], [4, 7, 9]]"
170,clustered,6,4220,earliest_finish,4,4,1.0,True,"[0, 3, 4, 5]","[1, 2, 3, 4]","[[0, 44, 46], [1, 36, 39], [2, 43, 46], [3, 48, 49], [4, 39, 42], [5, 36, 37]]"
170,clustered,6,4220,earliest_start,4,4,1.0,True,"[1, 2, 3, 4]","[1, 2, 3, 4]","[[0, 44, 46], [1, 36, 39], [2, 43, 46], [3, 48, 49], [4, 39, 42], [5, 36, 37]]"
170,clustered,6,4220,shortest_duration,4,4,1.0,True,"[0, 3, 4, 5]","[1, 2, 3, 4]","[[0, 44, 46], [1, 36, 39], [2, 43, 46], [3, 48, 49], [4, 39, 42], [5, 36, 37]]"
170,clustered,6,4220,group_heuristic,4,4,1.0,True,"[0, 3, 4, 5]","[1, 2, 3, 4]","[[0, 44, 46], [1, 36, 39], [2, 43, 46], [3, 48, 49], [4, 39, 42], [5, 36, 37]]"
171,clustered,7,4221,earliest_finish,4,4,1.0,True,"[0, 1, 2, 3]","[0, 1, 2, 3]","[[0, 10, 11], [1, 33, 37], [2, 14, 19], [3, 31, 33], [4, 31, 36], [5, 31, 35], [6, 35, 39]]"
171,clustered,7,4221,earliest_start,4,4,1.0,True,"[0, 1, 2, 3]","[0, 1, 2, 3]","[[0, 10, 11], [1, 33, 37], [2, 14, 19], [3, 31, 33], [4, 31, 36], [5, 31, 35], [6, 35, 39]]"
171,clustered,7,4221,shortest_duration,4,4,1.0,True,"[0, 1, 2, 3]","[0, 1, 2, 3]","[[0, 10, 11], [1, 33, 37], [2, 14, 19], [3, 31, 33], [4, 31, 36], [5, 31, 35], [6, 35, 39]]"
171,clustered,7,4221,group_heuristic,4,4,1.0,True,"[0, 2, 3, 6]","[0, 1, 2, 3]","[[0, 10, 11], [1, 33, 37], [2, 14, 19], [3, 31, 33], [4, 31, 36], [5, 31, 35], [6, 35, 39]]"
172,clustered,8,4222,earliest_finish,4,4,1.0,True,"[3, 4, 6, 7]","[3, 4, 6, 7]","[[0, 30, 34], [1, 29, 34], [2, 28, 34], [3, 1, 3], [4, 4, 5], [5, 3, 7], [6, 27, 32], [7, 5, 11]]"
172,clustered,8,4222,earliest_start,3,4,0.75,False,"[3, 5, 6]","[3, 4, 6, 7]","[[0, 30, 34], [1, 29, 34], [2, 28, 34], [3, 1, 3], [4, 4, 5], [5, 3, 7], [6, 27, 32], [7, 5, 11]]"
172,clustered,8,4222,shortest_duration,4,4,1.0,True,"[0, 3, 4, 7]","[3, 4, 6, 7]","[[0, 30, 34], [1, 29, 34], [2, 28, 34], [3, 1, 3], [4, 4, 5], [5, 3, 7], [6, 27, 32], [7, 5, 11]]"
172,clustered,8,4222,group_heuristic,4,4,1.0,True,"[3, 4, 6, 7]","[3, 4, 6, 7]","[[0, 30, 34], [1, 29, 34], [2, 28, 34], [3, 1, 3], [4, 4, 5], [5, 3, 7], [6, 27, 32], [7, 5, 11]]"
173,clustered,9,4223,earliest_finish,3,3,1.0,True,"[0, 4, 5]","[4, 5, 7]","[[0, 92, 94], [1, 92, 98], [2, 91, 95], [3, 91, 94], [4, 77, 79], [5, 75, 76], [6, 92, 97], [7, 90, 94], [8, 77, 82]]"
173,clustered,9,4223,earliest_start,3,3,1.0,True,"[4, 5, 7]","[4, 5, 7]","[[0, 92, 94], [1, 92, 98], [2, 91, 95], [3, 91, 94], [4, 77, 79], [5, 75, 76], [6, 92, 97], [7, 90, 94], [8, 77, 82]]"
173,clustered,9,4223,shortest_duration,3,3,1.0,True,"[0, 4, 5]","[4, 5, 7]","[[0, 92, 94], [1, 92, 98], [2, 91, 95], [3, 91, 94], [4, 77, 79], [5, 75, 76], [6, 92, 97], [7, 90, 94], [8, 77, 82]]"
173,clustered,9,4223,group_heuristic,3,3,1.0,True,"[0, 4, 5]","[4, 5, 7]","[[0, 92, 94], [1, 92, 98], [2, 91, 95], [3, 91, 94], [4, 77, 79], [5, 75, 76], [6, 92, 97], [7, 90, 94], [8, 77, 82]]"
174,clustered,10,4224,earliest_finish,3,3,1.0,True,"[2, 6, 7]","[4, 5, 6]","[[0, 44, 50], [1, 38, 43], [2, 42, 43], [3, 40, 45], [4, 41, 45], [5, 45, 49], [6, 40, 41], [7, 43, 48], [8, 42, 46], [9, 41, 44]]"
174,clustered,10,4224,earliest_start,2,3,0.6666666666666666,False,"[1, 7]","[4, 5, 6]","[[0, 44, 50], [1, 38, 43], [2, 42, 43], [3, 40, 45], [4, 41, 45], [5, 45, 49], [6, 40, 41], [7, 43, 48], [8, 42, 46], [9, 41, 44]]"
174,clustered,10,4224,shortest_duration,3,3,1.0,True,"[2, 5, 6]","[4, 5, 6]","[[0, 44, 50], [1, 38, 43], [2, 42, 43], [3, 40, 45], [4, 41, 45], [5, 45, 49], [6, 40, 41], [7, 43, 48], [8, 42, 46], [9, 41, 44]]"
174,clustered,10,4224,group_heuristic,3,3,1.0,True,"[2, 5, 6]","[4, 5, 6]","[[0, 44, 50], [1, 38, 43], [2, 42, 43], [3, 40, 45], [4, 41, 45], [5, 45, 49], [6, 40, 41], [7, 43, 48], [8, 42, 46], [9, 41, 44]]"
175,clustered,11,4225,earliest_finish,5,5,1.0,True,"[1, 2, 6, 7, 9]","[1, 2, 4, 6, 7]","[[0, 29, 32], [1, 24, 26], [2, 26, 27], [3, 25, 26], [4, 93, 97], [5, 29, 33], [6, 97, 98], [7, 27, 30], [8, 24, 28], [9, 93, 95], [10, 28, 33]]"
175,clustered,11,4225,earliest_start,5,5,1.0,True,"[1, 2, 4, 6, 7]","[1, 2, 4, 6, 7]","[[0, 29, 32], [1, 24, 26], [2, 26, 27], [3, 25, 26], [4, 93, 97], [5, 29, 33], [6, 97, 98], [7, 27, 30], [8, 24, 28], [9, 93, 95], [10, 28, 33]]"
175,clustered,11,4225,shortest_duration,5,5,1.0,True,"[0, 2, 3, 6, 9]","[1, 2, 4, 6, 7]","[[0, 29, 32], [1, 24, 26], [2, 26, 27], [3, 25, 26], [4, 93, 97], [5, 29, 33], [6, 97, 98], [7, 27, 30], [8, 24, 28], [9, 93, 95], [10, 28, 33]]"
175,clustered,11,4225,group_heuristic,5,5,1.0,True,"[0, 1, 2, 6, 9]","[1, 2, 4, 6, 7]","[[0, 29, 32], [1, 24, 26], [2, 26, 27], [3, 25, 26], [4, 93, 97], [5, 29, 33], [6, 97, 98], [7, 27, 30], [8, 24, 28], [9, 93, 95], [10, 28, 33]]"
176,clustered,12,4226,earliest_finish,6,6,1.0,True,"[0, 1, 2, 3, 9, 10]","[1, 2, 3, 5, 9, 10]","[[0, 123, 124], [1, 18, 23], [2, 105, 108], [3, 119, 122], [4, 101, 106], [5, 122, 124], [6, 120, 122], [7, 121, 127], [8, 122, 128], [9, 101, 105], [10, 124, 128], [11, 122, 124]]"
176,clustered,12,4226,earliest_start,5,6,0.8333333333333334,False,"[1, 3, 4, 5, 10]","[1, 2, 3, 5, 9, 10]","[[0, 123, 124], [1, 18, 23], [2, 105, 108], [3, 119, 122], [4, 101, 106], [5, 122, 124], [6, 120, 122], [7, 121, 127], [8, 122, 128], [9, 101, 105], [10, 124, 128], [11, 122, 124]]"
176,clustered,12,4226,shortest_duration,6,6,1.0,True,"[0, 1, 2, 6, 9, 10]","[1, 2, 3, 5, 9, 10]","[[0, 123, 124], [1, 18, 23], [2, 105, 108], [3, 119, 122], [4, 101, 106], [5, 122, 124], [6, 120, 122], [7, 121, 127], [8, 122, 128], [9, 101, 105], [10, 124, 128], [11, 122, 124]]"
176,clustered,12,4226,group_heuristic,6,6,1.0,True,"[0, 1, 2, 3, 9, 10]","[1, 2, 3, 5, 9, 10]","[[0, 123, 124], [1, 18, 23], [2, 105, 108], [3, 119, 122], [4, 101, 106], [5, 122, 124], [6, 120, 122], [7, 121, 127], [8, 122, 128], [9, 101, 105], [10, 124, 128], [11, 122, 124]]"
177,clustered,4,4227,earliest_finish,2,2,1.0,True,"[1, 3]","[2, 3]","[[0, 24, 28], [1, 23, 26], [2, 22, 26], [3, 18, 22]]"
177,clustered,4,4227,earliest_start,2,2,1.0,True,"[2, 3]","[2, 3]","[[0, 24, 28], [1, 23, 26], [2, 22, 26], [3, 18, 22]]"
177,clustered,4,4227,shortest_duration,2,2,1.0,True,"[1, 3]","[2, 3]","[[0, 24, 28], [1, 23, 26], [2, 22, 26], [3, 18, 22]]"
177,clustered,4,4227,group_heuristic,2,2,1.0,True,"[1, 3]","[2, 3]","[[0, 24, 28], [1, 23, 26], [2, 22, 26], [3, 18, 22]]"
178,clustered,5,4228,earliest_finish,3,3,1.0,True,"[1, 2, 4]","[1, 2, 4]","[[0, 51, 57], [1, 52, 53], [2, 55, 57], [3, 25, 27], [4, 21, 26]]"
178,clustered,5,4228,earliest_start,2,3,0.6666666666666666,False,"[0, 4]","[1, 2, 4]","[[0, 51, 57], [1, 52, 53], [2, 55, 57], [3, 25, 27], [4, 21, 26]]"
178,clustered,5,4228,shortest_duration,3,3,1.0,True,"[1, 2, 3]","[1, 2, 4]","[[0, 51, 57], [1, 52, 53], [2, 55, 57], [3, 25, 27], [4, 21, 26]]"
178,clustered,5,4228,group_heuristic,3,3,1.0,True,"[1, 2, 4]","[1, 2, 4]","[[0, 51, 57], [1, 52, 53], [2, 55, 57], [3, 25, 27], [4, 21, 26]]"
179,clustered,6,4229,earliest_finish,3,3,1.0,True,"[1, 2, 5]","[2, 3, 5]","[[0, 8, 11], [1, 8, 9], [2, 3, 6], [3, 6, 12], [4, 8, 9], [5, 48, 54]]"
179,clustered,6,4229,earliest_start,3,3,1.0,True,"[2, 3, 5]","[2, 3, 5]","[[0, 8, 11], [1, 8, 9], [2, 3, 6], [3, 6, 12], [4, 8, 9], [5, 48, 54]]"
179,clustered,6,4229,shortest_duration,3,3,1.0,True,"[1, 2, 5]","[2, 3, 5]","[[0, 8, 11], [1, 8, 9], [2, 3, 6], [3, 6, 12], [4, 8, 9], [5, 48, 54]]"
179,clustered,6,4229,group_heuristic,3,3,1.0,True,"[1, 2, 5]","[2, 3, 5]","[[0, 8, 11], [1, 8, 9], [2, 3, 6], [3, 6, 12], [4, 8, 9], [5, 48, 54]]"
180,clustered,7,4230,earliest_finish,3,3,1.0,True,"[1, 3, 5]","[1, 3, 5]","[[0, 24, 27], [1, 66, 69], [2, 21, 27], [3, 19, 25], [4, 21, 27], [5, 61, 65], [6, 22, 27]]"
180,clustered,7,4230,earliest_start,3,3,1.0,True,"[1, 3, 5]","[1, 3, 5]","[[0, 24, 27], [1, 66, 69], [2, 21, 27], [3, 19, 25], [4, 21, 27], [5, 61, 65], [6, 22, 27]]"
180,clustered,7,4230,shortest_duration,3,3,1.0,True,"[0, 1, 5]","[1, 3, 5]","[[0, 24, 27], [1, 66, 69], [2, 21, 27], [3, 19, 25], [4, 21, 27], [5, 61, 65], [6, 22, 27]]"
180,clustered,7,4230,group_heuristic,3,3,1.0,True,"[1, 3, 5]","[1, 3, 5]","[[0, 24, 27], [1, 66, 69], [2, 21, 27], [3, 19, 25], [4, 21, 27], [5, 61, 65], [6, 22, 27]]"
181,clustered,8,4231,earliest_finish,5,5,1.0,True,"[0, 1, 2, 4, 6]","[0, 1, 2, 4, 6]","[[0, 26, 28], [1, 61, 65], [2, 28, 31], [3, 29, 31], [4, 59, 60], [5, 63, 65], [6, 58, 59], [7, 59, 63]]"
181,clustered,8,4231,earliest_start,5,5,1.0,True,"[0, 1, 2, 4, 6]","[0, 1, 2, 4, 6]","[[0, 26, 28], [1, 61, 65], [2, 28, 31], [3, 29, 31], [4, 59, 60], [5, 63, 65], [6, 58, 59], [7, 59, 63]]"
181,clustered,8,4231,shortest_duration,5,5,1.0,True,"[0, 3, 4, 5, 6]","[0, 1, 2, 4, 6]","[[0, 26, 28], [1, 61, 65], [2, 28, 31], [3, 29, 31], [4, 59, 60], [5, 63, 65], [6, 58, 59], [7, 59, 63]]"
181,clustered,8,4231,group_heuristic,5,5,1.0,True,"[0, 2, 4, 5, 6]","[0, 1, 2, 4, 6]","[[0, 26, 28], [1, 61, 65], [2, 28, 31], [3, 29, 31], [4, 59, 60], [5, 63, 65], [6, 58, 59], [7, 59, 63]]"
182,clustered,9,4232,earliest_finish,4,4,1.0,True,"[0, 1, 2, 3]","[0, 1, 3, 4]","[[0, 51, 53], [1, 57, 61], [2, 62, 63], [3, 47, 49], [4, 61, 67], [5, 51, 56], [6, 51, 55], [7, 48, 53], [8, 51, 55]]"
182,clustered,9,4232,earliest_start,4,4,1.0,True,"[0, 1, 3, 4]","[0, 1, 3, 4]","[[0, 51, 53], [1, 57, 61], [2, 62, 63], [3, 47, 49], [4, 61, 67], [5, 51, 56], [6, 51, 55], [7, 48, 53], [8, 51, 55]]"
182,clustered,9,4232,shortest_duration,4,4,1.0,True,"[0, 1, 2, 3]","[0, 1, 3, 4]","[[0, 51, 53], [1, 57, 61], [2, 62, 63], [3, 47, 49], [4, 61, 67], [5, 51, 56], [6, 51, 55], [7, 48, 53], [8, 51, 55]]"
182,clustered,9,4232,group_heuristic,4,4,1.0,True,"[0, 1, 2, 3]","[0, 1, 3, 4]","[[0, 51, 53], [1, 57, 61], [2, 62, 63], [3, 47, 49], [4, 61, 67], [5, 51, 56], [6, 51, 55], [7, 48, 53], [8, 51, 55]]"
183,clustered,10,4233,earliest_finish,4,4,1.0,True,"[1, 3, 7, 8]","[0, 1, 7, 8]","[[0, 19, 24], [1, 15, 16], [2, 18, 24], [3, 19, 21], [4, 18, 22], [5, 19, 23], [6, 19, 22], [7, 18, 19], [8, 14, 15], [9, 14, 16]]"
183,clustered,10,4233,earliest_start,3,4,0.75,False,"[1, 2, 8]","[0, 1, 7, 8]","[[0, 19, 24], [1, 15, 16], [2, 18, 24], [3, 19, 21], [4, 18, 22], [5, 19, 23], [6, 19, 22], [7, 18, 19], [8, 14, 15], [9, 14, 16]]"
183,clustered,10,4233,shortest_duration,4,4,1.0,True,"[1, 3, 7, 8]","[0, 1, 7, 8]","[[0, 19, 24], [1, 15, 16], [2, 18, 24], [3, 19, 21], [4, 18, 22], [5, 19, 23], [6, 19, 22], [7, 18, 19], [8, 14, 15], [9, 14, 16]]"
183,clustered,10,4233,group_heuristic,4,4,1.0,True,"[1, 3, 7, 8]","[0, 1, 7, 8]","[[0, 19, 24], [1, 15, 16], [2, 18, 24], [3, 19, 21], [4, 18, 22], [5, 19, 23], [6, 19, 22], [7, 18, 19], [8, 14, 15], [9, 14, 16]]"
184,clustered,11,4234,earliest_finish,4,4,1.0,True,"[2, 4, 5, 6]","[0, 3, 5, 6]","[[0, 111, 113], [1, 22, 24], [2, 108, 109], [3, 106, 110], [4, 111, 112], [5, 21, 23], [6, 25, 27], [7, 111, 114], [8, 107, 109], [9, 26, 29], [10, 22, 25]]"
184,clustered,11,4234,earliest_start,4,4,1.0,True,"[0, 3, 5, 6]","[0, 3, 5, 6]","[[0, 111, 113], [1, 22, 24], [2, 108, 109], [3, 106, 110], [4, 111, 112], [5, 21, 23], [6, 25, 27], [7, 111, 114], [8, 107, 109], [9, 26, 29], [10, 22, 25]]"
184,clustered,11,4234,shortest_duration,4,4,1.0,True,"[1, 2, 4, 6]","[0, 3, 5, 6]","[[0, 111, 113], [1, 22, 24], [2, 108, 109], [3, 106, 110], [4, 111, 112], [5, 21, 23], [6, 25, 27], [7, 111, 114], [8, 107, 109], [9, 26, 29], [10, 22, 25]]"
184,clustered,11,4234,group_heuristic,4,4,1.0,True,"[2, 4, 5, 6]","[0, 3, 5, 6]","[[0, 111, 113], [1, 22, 24], [2, 108, 109], [3, 106, 110], [4, 111, 112], [5, 21, 23], [6, 25, 27], [7, 111, 114], [8, 107, 109], [9, 26, 29], [10, 22, 25]]"
185,clustered,12,4235,earliest_finish,5,5,1.0,True,"[0, 1, 7, 8, 9]","[0, 1, 2, 3, 7]","[[0, 117, 118], [1, 28, 30], [2, 106, 111], [3, 102, 105], [4, 106, 111], [5, 102, 108], [6, 25, 30], [7, 24, 26], [8, 107, 110], [9, 102, 104], [10, 107, 112], [11, 29, 32]]"
185,clustered,12,4235,earliest_start,5,5,1.0,True,"[0, 1, 2, 3, 7]","[0, 1, 2, 3, 7]","[[0, 117, 118], [1, 28, 30], [2, 106, 111], [3, 102, 105], [4, 106, 111], [5, 102, 108], [6, 25, 30], [7, 24, 26], [8, 107, 110], [9, 102, 104], [10, 107, 112], [11, 29, 32]]"
185,clustered,12,4235,shortest_duration,5,5,1.0,True,"[0, 1, 7, 8, 9]","[0, 1, 2, 3, 7]","[[0, 117, 118], [1, 28, 30], [2, 106, 111], [3, 102, 105], [4, 106, 111], [5, 102, 108], [6, 25, 30], [7, 24, 26], [8, 107, 110], [9, 102, 104], [10, 107, 112], [11, 29, 32]]"
185,clustered,12,4235,group_heuristic,5,5,1.0,True,"[0, 1, 7, 8, 9]","[0, 1, 2, 3, 7]","[[0, 117, 118], [1, 28, 30], [2, 106, 111], [3, 102, 105], [4, 106, 111], [5, 102, 108], [6, 25, 30], [7, 24, 26], [8, 107, 110], [9, 102, 104], [10, 107, 112], [11, 29, 32]]"
186,clustered,4,4236,earliest_finish,3,3,1.0,True,"[1, 2, 3]","[0, 1, 2]","[[0, 28, 33], [1, 45, 51], [2, 33, 39], [3, 30, 31]]"
186,clustered,4,4236,earliest_start,3,3,1.0,True,"[0, 1, 2]","[0, 1, 2]","[[0, 28, 33], [1, 45, 51], [2, 33, 39], [3, 30, 31]]"
186,clustered,4,4236,shortest_duration,3,3,1.0,True,"[1, 2, 3]","[0, 1, 2]","[[0, 28, 33], [1, 45, 51], [2, 33, 39], [3, 30, 31]]"
186,clustered,4,4236,group_heuristic,3,3,1.0,True,"[1, 2, 3]","[0, 1, 2]","[[0, 28, 33], [1, 45, 51], [2, 33, 39], [3, 30, 31]]"
187,clustered,5,4237,earliest_finish,3,3,1.0,True,"[0, 1, 4]","[0, 1, 4]","[[0, 6, 8], [1, 32, 37], [2, 4, 8], [3, 6, 11], [4, 4, 6]]"
187,clustered,5,4237,earliest_start,2,3,0.6666666666666666,False,"[1, 2]","[0, 1, 4]","[[0, 6, 8], [1, 32, 37], [2, 4, 8], [3, 6, 11], [4, 4, 6]]"
187,clustered,5,4237,shortest_duration,3,3,1.0,True,"[0, 1, 4]","[0, 1, 4]","[[0, 6, 8], [1, 32, 37], [2, 4, 8], [3, 6, 11], [4, 4, 6]]"
187,clustered,5,4237,group_heuristic,3,3,1.0,True,"[0, 1, 4]","[0, 1, 4]","[[0, 6, 8], [1, 32, 37], [2, 4, 8], [3, 6, 11], [4, 4, 6]]"
188,clustered,6,4238,earliest_finish,3,3,1.0,True,"[0, 4, 5]","[0, 4, 5]","[[0, 48, 50], [1, 20, 25], [2, 19, 23], [3, 48, 53], [4, 21, 27], [5, 20, 21]]"
188,clustered,6,4238,earliest_start,2,3,0.6666666666666666,False,"[0, 2]","[0, 4, 5]","[[0, 48, 50], [1, 20, 25], [2, 19, 23], [3, 48, 53], [4, 21, 27], [5, 20, 21]]"
188,clustered,6,4238,shortest_duration,3,3,1.0,True,"[0, 4, 5]","[0, 4, 5]","[[0, 48, 50], [1, 20, 25], [2, 19, 23], [3, 48, 53], [4, 21, 27], [5, 20, 21]]"
188,clustered,6,4238,group_heuristic,3,3,1.0,True,"[0, 4, 5]","[0, 4, 5]","[[0, 48, 50], [1, 20, 25], [2, 19, 23], [3, 48, 53], [4, 21, 27], [5, 20, 21]]"
189,clustered,7,4239,earliest_finish,3,3,1.0,True,"[1, 3, 5]","[0, 3, 5]","[[0, 29, 31], [1, 29, 30], [2, 32, 35], [3, 34, 36], [4, 34, 40], [5, 32, 33], [6, 34, 40]]"
189,clustered,7,4239,earliest_start,2,3,0.6666666666666666,False,"[0, 2]","[0, 3, 5]","[[0, 29, 31], [1, 29, 30], [2, 32, 35], [3, 34, 36], [4, 34, 40], [5, 32, 33], [6, 34, 40]]"
189,clustered,7,4239,shortest_duration,3,3,1.0,True,"[1, 3, 5]","[0, 3, 5]","[[0, 29, 31], [1, 29, 30], [2, 32, 35], [3, 34, 36], [4, 34, 40], [5, 32, 33], [6, 34, 40]]"
189,clustered,7,4239,group_heuristic,3,3,1.0,True,"[1, 3, 5]","[0, 3, 5]","[[0, 29, 31], [1, 29, 30], [2, 32, 35], [3, 34, 36], [4, 34, 40], [5, 32, 33], [6, 34, 40]]"
190,clustered,8,4240,earliest_finish,4,4,1.0,True,"[2, 3, 5, 6]","[2, 4, 5, 6]","[[0, 81, 86], [1, 83, 88], [2, 9, 12], [3, 82, 84], [4, 80, 86], [5, 7, 8], [6, 12, 13], [7, 10, 13]]"
190,clustered,8,4240,earliest_start,4,4,1.0,True,"[2, 4, 5, 6]","[2, 4, 5, 6]","[[0, 81, 86], [1, 83, 88], [2, 9, 12], [3, 82, 84], [4, 80, 86], [5, 7, 8], [6, 12, 13], [7, 10, 13]]"
190,clustered,8,4240,shortest_duration,4,4,1.0,True,"[2, 3, 5, 6]","[2, 4, 5, 6]","[[0, 81, 86], [1, 83, 88], [2, 9, 12], [3, 82, 84], [4, 80, 86], [5, 7, 8], [6, 12, 13], [7, 10, 13]]"
190,clustered,8,4240,group_heuristic,4,4,1.0,True,"[2, 3, 5, 6]","[2, 4, 5, 6]","[[0, 81, 86], [1, 83, 88], [2, 9, 12], [3, 82, 84], [4, 80, 86], [5, 7, 8], [6, 12, 13], [7, 10, 13]]"
191,clustered,9,4241,earliest_finish,4,4,1.0,True,"[1, 2, 5, 8]","[0, 5, 7, 8]","[[0, 24, 26], [1, 40, 41], [2, 24, 25], [3, 40, 46], [4, 23, 29], [5, 44, 47], [6, 40, 44], [7, 39, 43], [8, 26, 27]]"
191,clustered,9,4241,earliest_start,3,4,0.75,False,"[4, 5, 7]","[0, 5, 7, 8]","[[0, 24, 26], [1, 40, 41], [2, 24, 25], [3, 40, 46], [4, 23, 29], [5, 44, 47], [6, 40, 44], [7, 39, 43], [8, 26, 27]]"
191,clustered,9,4241,shortest_duration,4,4,1.0,True,"[1, 2, 5, 8]","[0, 5, 7, 8]","[[0, 24, 26], [1, 40, 41], [2, 24, 25], [3, 40, 46], [4, 23, 29], [5, 44, 47], [6, 40, 44], [7, 39, 43], [8, 26, 27]]"
191,clustered,9,4241,group_heuristic,4,4,1.0,True,"[1, 2, 5, 8]","[0, 5, 7, 8]","[[0, 24, 26], [1, 40, 41], [2, 24, 25], [3, 40, 46], [4, 23, 29], [5, 44, 47], [6, 40, 44], [7, 39, 43], [8, 26, 27]]"
192,clustered,10,4242,earliest_finish,5,5,1.0,True,"[1, 5, 6, 7, 9]","[1, 3, 5, 7, 8]","[[0, 57, 61], [1, 18, 21], [2, 57, 61], [3, 56, 58], [4, 57, 63], [5, 16, 17], [6, 57, 59], [7, 55, 56], [8, 58, 60], [9, 56, 57]]"
192,clustered,10,4242,earliest_start,5,5,1.0,True,"[1, 3, 5, 7, 8]","[1, 3, 5, 7, 8]","[[0, 57, 61], [1, 18, 21], [2, 57, 61], [3, 56, 58], [4, 57, 63], [5, 16, 17], [6, 57, 59], [7, 55, 56], [8, 58, 60], [9, 56, 57]]"
192,clustered,10,4242,shortest_duration,5,5,1.0,True,"[1, 5, 6, 7, 9]","[1, 3, 5, 7, 8]","[[0, 57, 61], [1, 18, 21], [2, 57, 61], [3, 56, 58], [4, 57, 63], [5, 16, 17], [6, 57, 59], [7, 55, 56], [8, 58, 60], [9, 56, 57]]"
192,clustered,10,4242,group_heuristic,5,5,1.0,True,"[1, 5, 7, 8, 9]","[1, 3, 5, 7, 8]","[[0, 57, 61], [1, 18, 21], [2, 57, 61], [3, 56, 58], [4, 57, 63], [5, 16, 17], [6, 57, 59], [7, 55, 56], [8, 58, 60], [9, 56, 57]]"
193,clustered,11,4243,earliest_finish,6,6,1.0,True,"[1, 2, 3, 6, 7, 8]","[0, 1, 2, 5, 7, 8]","[[0, 66, 69], [1, 56, 58], [2, 58, 59], [3, 66, 68], [4, 58, 64], [5, 59, 61], [6, 59, 60], [7, 61, 63], [8, 69, 70], [9, 66, 70], [10, 60, 63]]"
193,clustered,11,4243,earliest_start,6,6,1.0,True,"[0, 1, 2, 5, 7, 8]","[0, 1, 2, 5, 7, 8]","[[0, 66, 69], [1, 56, 58], [2, 58, 59], [3, 66, 68], [4, 58, 64], [5, 59, 61], [6, 59, 60], [7, 61, 63], [8, 69, 70], [9, 66, 70], [10, 60, 63]]"
193,clustered,11,4243,shortest_duration,6,6,1.0,True,"[1, 2, 3, 6, 7, 8]","[0, 1, 2, 5, 7, 8]","[[0, 66, 69], [1, 56, 58], [2, 58, 59], [3, 66, 68], [4, 58, 64], [5, 59, 61], [6, 59, 60], [7, 61, 63], [8, 69, 70], [9, 66, 70], [10, 60, 63]]"
193,clustered,11,4243,group_heuristic,6,6,1.0,True,"[1, 2, 3, 6, 7, 8]","[0, 1, 2, 5, 7, 8]","[[0, 66, 69], [1, 56, 58], [2, 58, 59], [3, 66, 68], [4, 58, 64], [5, 59, 61], [6, 59, 60], [7, 61, 63], [8, 69, 70], [9, 66, 70], [10, 60, 63]]"
194,clustered,12,4244,earliest_finish,6,6,1.0,True,"[1, 4, 6, 8, 9, 11]","[1, 4, 6, 8, 9, 11]","[[0, 61, 67], [1, 62, 65], [2, 63, 67], [3, 63, 68], [4, 107, 112], [5, 62, 65], [6, 33, 35], [7, 30, 35], [8, 31, 33], [9, 60, 62], [10, 31, 34], [11, 29, 31]]"
194,clustered,12,4244,earliest_start,6,6,1.0,True,"[1, 4, 6, 8, 9, 11]","[1, 4, 6, 8, 9, 11]","[[0, 61, 67], [1, 62, 65], [2, 63, 67], [3, 63, 68], [4, 107, 112], [5, 62, 65], [6, 33, 35], [7, 30, 35], [8, 31, 33], [9, 60, 62], [10, 31, 34], [11, 29, 31]]"
194,clustered,12,4244,shortest_duration,6,6,1.0,True,"[1, 4, 6, 8, 9, 11]","[1, 4, 6, 8, 9, 11]","[[0, 61, 67], [1, 62, 65], [2, 63, 67], [3, 63, 68], [4, 107, 112], [5, 62, 65], [6, 33, 35], [7, 30, 35], [8, 31, 33], [9, 60, 62], [10, 31, 34], [11, 29, 31]]"
194,clustered,12,4244,group_heuristic,6,6,1.0,True,"[1, 4, 6, 8, 9, 11]","[1, 4, 6, 8, 9, 11]","[[0, 61, 67], [1, 62, 65], [2, 63, 67], [3, 63, 68], [4, 107, 112], [5, 62, 65], [6, 33, 35], [7, 30, 35], [8, 31, 33], [9, 60, 62], [10, 31, 34], [11, 29, 31]]"
195,clustered,4,4245,earliest_finish,3,3,1.0,True,"[0, 1, 3]","[0, 1, 3]","[[0, 26, 27], [1, 28, 33], [2, 27, 31], [3, 27, 28]]"
195,clustered,4,4245,earliest_start,2,3,0.6666666666666666,False,"[0, 2]","[0, 1, 3]","[[0, 26, 27], [1, 28, 33], [2, 27, 31], [3, 27, 28]]"
195,clustered,4,4245,shortest_duration,3,3,1.0,True,"[0, 1, 3]","[0, 1, 3]","[[0, 26, 27], [1, 28, 33], [2, 27, 31], [3, 27, 28]]"
195,clustered,4,4245,group_heuristic,3,3,1.0,True,"[0, 1, 3]","[0, 1, 3]","[[0, 26, 27], [1, 28, 33], [2, 27, 31], [3, 27, 28]]"
196,clustered,5,4246,earliest_finish,2,2,1.0,True,"[2, 3]","[2, 4]","[[0, 15, 20], [1, 14, 20], [2, 23, 27], [3, 15, 16], [4, 11, 17]]"
196,clustered,5,4246,earliest_start,2,2,1.0,True,"[2, 4]","[2, 4]","[[0, 15, 20], [1, 14, 20], [2, 23, 27], [3, 15, 16], [4, 11, 17]]"
196,clustered,5,4246,shortest_duration,2,2,1.0,True,"[2, 3]","[2, 4]","[[0, 15, 20], [1, 14, 20], [2, 23, 27], [3, 15, 16], [4, 11, 17]]"
196,clustered,5,4246,group_heuristic,2,2,1.0,True,"[2, 3]","[2, 4]","[[0, 15, 20], [1, 14, 20], [2, 23, 27], [3, 15, 16], [4, 11, 17]]"
197,clustered,6,4247,earliest_finish,5,5,1.0,True,"[0, 2, 3, 4, 5]","[0, 2, 3, 4, 5]","[[0, 23, 26], [1, 55, 59], [2, 27, 30], [3, 57, 58], [4, 54, 56], [5, 58, 60]]"
197,clustered,6,4247,earliest_start,5,5,1.0,True,"[0, 2, 3, 4, 5]","[0, 2, 3, 4, 5]","[[0, 23, 26], [1, 55, 59], [2, 27, 30], [3, 57, 58], [4, 54, 56], [5, 58, 60]]"
197,clustered,6,4247,shortest_duration,5,5,1.0,True,"[0, 2, 3, 4, 5]","[0, 2, 3, 4, 5]","[[0, 23, 26], [1, 55, 59], [2, 27, 30], [3, 57, 58], [4, 54, 56], [5, 58, 60]]"
197,clustered,6,4247,group_heuristic,5,5,1.0,True,"[0, 2, 3, 4, 5]","[0, 2, 3, 4, 5]","[[0, 23, 26], [1, 55, 59], [2, 27, 30], [3, 57, 58], [4, 54, 56], [5, 58, 60]]"
198,clustered,7,4248,earliest_finish,3,3,1.0,True,"[1, 2, 4]","[1, 2, 4]","[[0, 47, 53], [1, 52, 55], [2, 43, 46], [3, 45, 48], [4, 46, 51], [5, 48, 51], [6, 50, 56]]"
198,clustered,7,4248,earliest_start,3,3,1.0,True,"[1, 2, 4]","[1, 2, 4]","[[0, 47, 53], [1, 52, 55], [2, 43, 46], [3, 45, 48], [4, 46, 51], [5, 48, 51], [6, 50, 56]]"
198,clustered,7,4248,shortest_duration,3,3,1.0,True,"[1, 2, 5]","[1, 2, 4]","[[0, 47, 53], [1, 52, 55], [2, 43, 46], [3, 45, 48], [4, 46, 51], [5, 48, 51], [6, 50, 56]]"
198,clustered,7,4248,group_heuristic,3,3,1.0,True,"[1, 2, 5]","[1, 2, 4]","[[0, 47, 53], [1, 52, 55], [2, 43, 46], [3, 45, 48], [4, 46, 51], [5, 48, 51], [6, 50, 56]]"
199,clustered,8,4249,earliest_finish,2,2,1.0,True,"[2, 7]","[2, 7]","[[0, 43, 49], [1, 45, 47], [2, 45, 46], [3, 44, 48], [4, 45, 51], [5, 44, 50], [6, 42, 48], [7, 46, 47]]"
199,clustered,8,4249,earliest_start,1,2,0.5,False,[6],"[2, 7]","[[0, 43, 49], [1, 45, 47], [2, 45, 46], [3, 44, 48], [4, 45, 51], [5, 44, 50], [6, 42, 48], [7, 46, 47]]"
199,clustered,8,4249,shortest_duration,2,2,1.0,True,"[2, 7]","[2, 7]","[[0, 43, 49], [1, 45, 47], [2, 45, 46], [3, 44, 48], [4, 45, 51], [5, 44, 50], [6, 42, 48], [7, 46, 47]]"
199,clustered,8,4249,group_heuristic,2,2,1.0,True,"[2, 7]","[2, 7]","[[0, 43, 49], [1, 45, 47], [2, 45, 46], [3, 44, 48], [4, 45, 51], [5, 44, 50], [6, 42, 48], [7, 46, 47]]"
